datetime,Daily_River_Mile_Corrected,Corrected_7d_average
2015-01-01,69.36,69.90285714285714
2015-01-02,68.8,69.70571428571428
2015-01-03,69.04,69.53714285714287
2015-01-04,69.82,69.49428571428572
2015-01-05,68.15,69.25
2015-01-06,67.24,68.88000000000001
2015-01-07,68.02,68.63285714285713
2015-01-08,67.73,68.4
2015-01-09,69.36,68.48
2015-01-10,67.82,68.30571428571429
2015-01-11,69.35,68.23857142857142
2015-01-12,70.56,68.58285714285714
2015-01-13,73.45,69.47
2015-01-14,72.14,70.05857142857143
2015-01-15,72.13,70.68714285714286
2015-01-16,71.72,71.02428571428571
2015-01-17,71.27,71.51714285714286
2015-01-18,74.13,72.2
2015-01-19,72.36,72.45714285714286
2015-01-20,71.11,72.12285714285714
2015-01-21,70.91,71.94714285714285
2015-01-22,71.08,71.79714285714286
2015-01-23,70.98,71.69142857142857
2015-01-24,74.12,72.09857142857143
2015-01-25,73.79,72.05
2015-01-26,72.88,72.12428571428572
2015-01-27,73.59,72.47857142857143
2015-01-28,73.39,72.83285714285715
2015-01-29,73.11,73.12285714285714
2015-01-30,73.09,73.42428571428572
2015-01-31,72.73,73.22571428571429
2015-02-01,73.04,73.11857142857144
2015-02-02,76.73,73.66857142857144
2015-02-03,76.54,74.09
2015-02-04,74.68,74.27428571428572
2015-02-05,74.1,74.4157142857143
2015-02-06,74.44,74.60857142857142
2015-02-07,74.33,74.83714285714287
2015-02-08,74.49,75.0442857142857
2015-02-09,74.87,74.77857142857144
2015-02-10,75.31,74.60285714285715
2015-02-11,75.71,74.75
2015-02-12,76.0,75.02142857142857
2015-02-13,76.0,75.24428571428572
2015-02-14,76.35,75.53285714285714
2015-02-15,75.99,75.74714285714286
2015-02-16,76.79,76.02142857142857
2015-02-17,77.02,76.26571428571428
2015-02-18,77.57,76.53142857142858
2015-02-19,77.61,76.76142857142857
2015-02-20,77.51,76.97714285714287
2015-02-21,77.69,77.16857142857144
2015-02-22,78.99,77.59714285714286
2015-02-23,79.61,78.0
2015-02-24,79.32,78.32857142857142
2015-02-25,79.65,78.62571428571428
2015-02-26,79.42,78.88428571428571
2015-02-27,79.35,79.14714285714285
2015-02-28,78.84,79.31142857142858
2015-03-01,79.05,79.32000000000001
2015-03-02,81.53,79.59428571428573
2015-03-03,81.54,79.91142857142857
2015-03-04,82.25,80.28285714285714
2015-03-05,80.27,80.40428571428572
2015-03-06,79.42,80.41428571428571
2015-03-07,79.22,80.46857142857142
2015-03-08,79.52,80.53571428571429
2015-03-09,80.13,80.33571428571429
2015-03-10,79.12,79.99
2015-03-11,77.98,79.38
2015-03-12,77.6,78.99857142857142
2015-03-13,77.38,78.70714285714287
2015-03-14,76.18,78.27285714285715
2015-03-15,73.94,77.47571428571429
2015-03-16,73.21,76.48714285714287
2015-03-17,73.5,75.6842857142857
2015-03-18,71.49,74.75714285714285
2015-03-19,70.11,73.68714285714285
2015-03-20,70.2,72.66142857142857
2015-03-21,71.49,71.99142857142857
2015-03-22,71.18,71.59714285714286
2015-03-23,68.68,70.95
2015-03-24,66.93,70.01142857142858
2015-03-25,67.63,69.46000000000001
2015-03-26,67.88,69.14142857142858
2015-03-27,68.32,68.87285714285714
2015-03-28,69.3,68.56
2015-03-29,71.09,68.54714285714286
2015-03-30,71.92,69.01
2015-03-31,71.62,69.68
2015-04-01,71.83,70.28
2015-04-02,71.56,70.80571428571429
2015-04-03,70.73,71.15
2015-04-04,69.79,71.22
2015-04-05,69.98,71.06142857142858
2015-04-06,68.28,70.54142857142858
2015-04-07,66.89,69.86571428571429
2015-04-08,66.7,69.13285714285715
2015-04-09,67.87,68.60571428571428
2015-04-10,67.48,68.14142857142858
2015-04-11,64.32,67.36
2015-04-12,61.91,66.20714285714287
2015-04-13,61.43,65.22857142857143
2015-04-14,60.61,64.33142857142857
2015-04-15,60.3,63.41714285714287
2015-04-16,59.99,62.29142857142858
2015-04-17,60.88,61.34857142857143
2015-04-18,60.32,60.77714285714286
2015-04-19,60.88,60.63
2015-04-20,62.94,60.84571428571429
2015-04-21,61.53,60.97714285714286
2015-04-22,60.15,60.95571428571428
2015-04-23,55.1,60.25714285714286
2015-04-24,52.41,59.04714285714287
2015-04-25,61.57,59.22571428571428
2015-04-26,63.67,59.62428571428571
2015-04-27,65.59,60.00285714285714
2015-04-28,67.01,60.78571428571428
2015-04-29,68.85,62.02857142857143
2015-04-30,69.08,64.02571428571429
2015-05-01,69.44,66.45857142857143
2015-05-02,69.95,67.65571428571428
2015-05-03,69.57,68.49857142857142
2015-05-04,69.23,69.01857142857143
2015-05-05,69.05,69.31
2015-05-06,68.76,69.29714285714286
2015-05-07,68.9,69.27142857142857
2015-05-08,68.83,69.18428571428572
2015-05-09,68.74,69.01142857142857
2015-05-10,68.91,68.91714285714286
2015-05-11,68.77,68.85142857142857
2015-05-12,69.02,68.84714285714286
2015-05-13,68.75,68.84571428571428
2015-05-14,69.41,68.91857142857143
2015-05-15,69.79,69.05571428571427
2015-05-16,69.77,69.20285714285714
2015-05-17,69.84,69.33571428571429
2015-05-18,69.8,69.48285714285713
2015-05-19,70.26,69.66
2015-05-20,70.27,69.87714285714284
2015-05-21,70.16,69.98428571428572
2015-05-22,70.41,70.07285714285715
2015-05-23,70.5,70.17714285714284
2015-05-24,70.59,70.28428571428572
2015-05-25,70.36,70.36428571428573
2015-05-26,70.62,70.4157142857143
2015-05-27,70.65,70.47
2015-05-28,70.33,70.49428571428571
2015-05-29,70.32,70.48142857142857
2015-05-30,70.61,70.49714285714286
2015-05-31,70.78,70.52428571428572
2015-06-01,70.83,70.59142857142858
2015-06-02,70.36,70.55428571428573
2015-06-03,70.77,70.57142857142857
2015-06-04,70.61,70.61142857142858
2015-06-05,70.72,70.66857142857143
2015-06-06,70.73,70.6857142857143
2015-06-07,70.72,70.67714285714285
2015-06-08,70.63,70.64857142857144
2015-06-09,70.13,70.61571428571428
2015-06-10,69.61,70.45
2015-06-11,69.72,70.32285714285715
2015-06-12,69.57,70.15857142857142
2015-06-13,69.39,69.96714285714285
2015-06-14,69.57,69.80285714285715
2015-06-15,70.3,69.75571428571428
2015-06-16,70.13,69.75571428571428
2015-06-17,69.9,69.79714285714286
2015-06-18,69.98,69.83428571428571
2015-06-19,69.83,69.87142857142857
2015-06-20,69.43,69.87714285714286
2015-06-21,69.57,69.87714285714286
2015-06-22,69.09,69.7042857142857
2015-06-23,69.28,69.58285714285714
2015-06-24,69.11,69.47
2015-06-25,69.49,69.39999999999999
2015-06-26,69.95,69.41714285714286
2015-06-27,70.11,69.51428571428572
2015-06-28,69.36,69.48428571428572
2015-06-29,68.63,69.41857142857143
2015-06-30,68.1,69.25
2015-07-01,67.81,69.06428571428572
2015-07-02,66.08,68.57714285714285
2015-07-03,65.23,67.90285714285714
2015-07-04,64.32,67.07571428571428
2015-07-05,63.37,66.22
2015-07-06,62.64,65.36428571428571
2015-07-07,61.76,64.45857142857143
2015-07-08,60.67,63.43857142857143
2015-07-09,61.24,62.74714285714286
2015-07-10,61.19,62.17
2015-07-11,62.06,61.84714285714286
2015-07-12,62.68,61.74857142857143
2015-07-13,63.13,61.81857142857143
2015-07-14,63.75,62.10285714285714
2015-07-15,63.94,62.57
2015-07-16,64.4,63.02142857142857
2015-07-17,65.22,63.59714285714286
2015-07-18,64.35,63.92428571428572
2015-07-19,63.79,64.08285714285714
2015-07-20,64.28,64.24714285714286
2015-07-21,65.45,64.49
2015-07-22,66.32,64.83
2015-07-23,67.15,65.22285714285714
2015-07-24,67.79,65.59
2015-07-25,68.75,66.21857142857144
2015-07-26,69.32,67.00857142857144
2015-07-27,68.92,67.67142857142856
2015-07-28,68.87,68.16
2015-07-29,68.67,68.49571428571429
2015-07-30,68.67,68.71285714285715
2015-07-31,68.35,68.79285714285716
2015-08-01,68.88,68.81142857142858
2015-08-02,68.9,68.75142857142858
2015-08-03,69.31,68.80714285714286
2015-08-04,69.02,68.82857142857144
2015-08-05,69.21,68.90571428571427
2015-08-06,69.24,68.98714285714286
2015-08-07,69.81,69.19571428571429
2015-08-08,70.16,69.37857142857142
2015-08-09,70.35,69.58571428571429
2015-08-10,70.45,69.74857142857142
2015-08-11,70.36,69.94
2015-08-12,69.87,70.03428571428572
2015-08-13,70.04,70.14857142857143
2015-08-14,69.96,70.17
2015-08-15,70.18,70.17285714285715
2015-08-16,70.22,70.15428571428572
2015-08-17,70.34,70.13857142857144
2015-08-18,70.46,70.15285714285714
2015-08-19,70.54,70.24857142857142
2015-08-20,70.82,70.36
2015-08-21,70.65,70.45857142857143
2015-08-22,70.57,70.5142857142857
2015-08-23,70.94,70.61714285714287
2015-08-24,71.15,70.73285714285714
2015-08-25,71.37,70.86285714285715
2015-08-26,71.39,70.98428571428572
2015-08-27,71.43,71.07142857142857
2015-08-28,71.64,71.21285714285713
2015-08-29,71.83,71.39285714285714
2015-08-30,72.15,71.5657142857143
2015-08-31,72.2,71.71571428571427
2015-09-01,72.35,71.85571428571427
2015-09-02,72.89,72.06999999999998
2015-09-03,73.18,72.32
2015-09-04,73.39,72.57
2015-09-05,74.05,72.88714285714286
2015-09-06,73.85,73.13
2015-09-07,73.9,73.37285714285714
2015-09-08,74.18,73.63428571428572
2015-09-09,74.61,73.88
2015-09-10,74.8,74.11142857142856
2015-09-11,73.21,74.08571428571429
2015-09-12,73.98,74.07571428571428
2015-09-13,73.52,74.02857142857144
2015-09-14,72.96,73.89428571428572
2015-09-15,72.69,73.68142857142857
2015-09-16,72.73,73.41285714285713
2015-09-17,72.92,73.14428571428572
2015-09-18,73.24,73.14857142857143
2015-09-19,73.27,73.04714285714286
2015-09-20,73.25,73.00857142857143
2015-09-21,73.96,73.15142857142858
2015-09-22,74.3,73.38142857142857
2015-09-23,74.53,73.63857142857144
2015-09-24,74.43,73.85428571428572
2015-09-25,74.89,74.09
2015-09-26,75.31,74.38142857142857
2015-09-27,76.38,74.82857142857142
2015-09-28,76.98,75.25999999999999
2015-09-29,77.38,75.70000000000002
2015-09-30,77.29,76.0942857142857
2015-10-01,76.53,76.39428571428572
2015-10-02,76.18,76.57857142857142
2015-10-03,75.29,76.5757142857143
2015-10-04,74.67,76.33142857142857
2015-10-05,74.42,75.96571428571428
2015-10-06,74.15,75.50428571428573
2015-10-07,73.8,75.00571428571428
2015-10-08,73.77,74.61142857142859
2015-10-09,74.22,74.33142857142856
2015-10-10,73.46,74.07000000000001
2015-10-11,73.88,73.95714285714287
2015-10-12,73.99,73.89571428571426
2015-10-13,75.01,74.01857142857143
2015-10-14,74.62,74.13571428571429
2015-10-15,74.7,74.26857142857143
2015-10-16,74.83,74.35571428571428
2015-10-17,74.87,74.55714285714285
2015-10-18,74.92,74.70571428571428
2015-10-19,76.08,75.00428571428571
2015-10-20,75.82,75.11999999999999
2015-10-21,75.33,75.22142857142856
2015-10-22,76.94,75.54142857142857
2015-10-23,77.51,75.92428571428572
2015-10-24,78.57,76.45285714285714
2015-10-25,81.06,77.33
2015-10-26,79.83,77.86571428571428
2015-10-27,81.41,78.66428571428571
2015-10-28,83.76,79.86857142857141
2015-10-29,83.75,80.84142857142857
2015-10-30,79.15,81.07571428571428
2015-10-31,76.12,80.72571428571429
2015-11-01,74.83,79.83571428571429
2015-11-02,73.9,78.98857142857143
2015-11-03,73.54,77.86428571428571
2015-11-04,73.2,76.35571428571428
2015-11-05,73.09,74.83285714285715
2015-11-06,72.97,73.95
2015-11-07,72.46,73.42714285714287
2015-11-08,72.16,73.0457142857143
2015-11-09,72.26,72.81142857142856
2015-11-10,72.72,72.69428571428571
2015-11-11,72.77,72.63285714285713
2015-11-12,73.36,72.67142857142858
2015-11-13,72.73,72.63714285714286
2015-11-14,71.52,72.50285714285715
2015-11-15,71.58,72.42
2015-11-16,71.39,72.29571428571428
2015-11-17,71.78,72.16142857142857
2015-11-18,71.75,72.01571428571428
2015-11-19,71.77,71.78857142857143
2015-11-20,70.97,71.53714285714285
2015-11-21,70.87,71.44428571428571
2015-11-22,70.78,71.33
2015-11-23,70.43,71.19285714285714
2015-11-24,70.37,70.99142857142857
2015-11-25,70.18,70.76714285714286
2015-11-26,70.21,70.54428571428572
2015-11-27,70.07,70.41571428571429
2015-11-28,70.09,70.30428571428571
2015-11-29,70.35,70.24285714285715
2015-11-30,70.82,70.29857142857142
2015-12-01,,
2015-12-02,,
2015-12-03,,
2015-12-04,,
2015-12-05,,
2015-12-06,,
2015-12-07,,
2015-12-08,,
2015-12-09,,
2015-12-10,,
2015-12-11,,
2015-12-12,,
2015-12-13,,
2015-12-14,,
2015-12-15,,
2015-12-16,,
2015-12-17,,
2015-12-18,,
2015-12-19,,
2015-12-20,,
2015-12-21,,
2015-12-22,,
2015-12-23,,
2015-12-24,,
2015-12-25,,
2015-12-26,,
2015-12-27,,
2015-12-28,,
2015-12-29,,
2015-12-30,,
2015-12-31,,
2016-01-01,,
2016-01-02,,
2016-01-03,,
2016-01-04,,
2016-01-05,,
2016-01-06,,
2016-01-07,,
2016-01-08,,
2016-01-09,,
2016-01-10,,
2016-01-11,,
2016-01-12,,
2016-01-13,,
2016-01-14,,
2016-01-15,,
2016-01-16,,
2016-01-17,,
2016-01-18,,
2016-01-19,,
2016-01-20,,
2016-01-21,,
2016-01-22,,
2016-01-23,,
2016-01-24,,
2016-01-25,,
2016-01-26,,
2016-01-27,,
2016-01-28,,
2016-01-29,,
2016-01-30,,
2016-01-31,,
2016-02-01,,
2016-02-02,,
2016-02-03,,
2016-02-04,,
2016-02-05,,
2016-02-06,,
2016-02-07,,
2016-02-08,,
2016-02-09,,
2016-02-10,,
2016-02-11,,
2016-02-12,,
2016-02-13,,
2016-02-14,,
2016-02-15,,
2016-02-16,,
2016-02-17,,
2016-02-18,,
2016-02-19,,
2016-02-20,,
2016-02-21,,
2016-02-22,,
2016-02-23,,
2016-02-24,,
2016-02-25,,
2016-02-26,52.91,52.91
2016-02-27,44.83,48.87
2016-02-28,43.03,46.92333333333332
2016-02-29,42.04,45.70249999999999
2016-03-01,50.52,46.666
2016-03-02,,
2016-03-03,,
2016-03-04,,
2016-03-05,,
2016-03-06,,
2016-03-07,,
2016-03-08,,
2016-03-09,,
2016-03-10,,
2016-03-11,,
2016-03-12,,
2016-03-13,,
2016-03-14,,
2016-03-15,,
2016-03-16,,
2016-03-17,,
2016-03-18,,
2016-03-19,,
2016-03-20,,
2016-03-21,,
2016-03-22,,
2016-03-23,,
2016-03-24,,
2016-03-25,,
2016-03-26,,
2016-03-27,,
2016-03-28,,
2016-03-29,67.08712356727628,67.08712356727628
2016-03-30,68.02801497481599,67.55756927104613
2016-03-31,69.13,68.08171284736409
2016-04-01,68.2,68.11128463552306
2016-04-02,68.09,68.10702770841844
2016-04-03,66.26,67.79918975701537
2016-04-04,68.41,67.88644836315602
2016-04-05,68.91,68.14685928211657
2016-04-06,70.22,68.46000000000001
2016-04-07,70.27,68.62285714285714
2016-04-08,69.74,68.84285714285714
2016-04-09,69.41,69.03142857142858
2016-04-10,69.3,69.4657142857143
2016-04-11,69.43,69.61142857142856
2016-04-12,68.54,69.55857142857143
2016-04-13,68.25,69.27714285714286
2016-04-14,68.3,68.99571428571429
2016-04-15,68.42,68.80714285714286
2016-04-16,68.72,68.70857142857143
2016-04-17,69.19,68.69285714285715
2016-04-18,68.78,68.60000000000001
2016-04-19,68.47,68.59000000000002
2016-04-20,68.86,68.67714285714285
2016-04-21,69.03,68.78142857142858
2016-04-22,68.58,68.80428571428571
2016-04-23,68.84,68.82142857142857
2016-04-24,69.38,68.84857142857142
2016-04-25,69.69,68.97857142857143
2016-04-26,69.52,69.12857142857142
2016-04-27,69.93,69.28142857142858
2016-04-28,69.81,69.39285714285714
2016-04-29,69.86,69.57571428571428
2016-04-30,70.05,69.74857142857142
2016-05-01,69.91,69.82428571428571
2016-05-02,69.9,69.85428571428572
2016-05-03,69.85,69.90142857142858
2016-05-04,69.87,69.89285714285714
2016-05-05,70.17,69.94428571428573
2016-05-06,70.04,69.97
2016-05-07,69.18,69.8457142857143
2016-05-08,68.73,69.67714285714287
2016-05-09,68.18,69.43142857142858
2016-05-10,67.09,69.03714285714287
2016-05-11,66.8,68.59857142857143
2016-05-12,66.72,68.10571428571428
2016-05-13,66.76,67.63714285714286
2016-05-14,67.04,67.33142857142857
2016-05-15,66.72,67.0442857142857
2016-05-16,67.41,66.9342857142857
2016-05-17,67.52,66.99571428571427
2016-05-18,68.5,67.23857142857142
2016-05-19,68.77,67.53142857142856
2016-05-20,68.67,67.80428571428571
2016-05-21,68.62,68.03
2016-05-22,68.89,68.34
2016-05-23,69.29,68.60857142857142
2016-05-24,69.31,68.86428571428571
2016-05-25,69.0,68.93571428571428
2016-05-26,68.83,68.94428571428571
2016-05-27,68.9,68.97714285714287
2016-05-28,68.87,69.01285714285714
2016-05-29,68.75,68.99285714285715
2016-05-30,68.47,68.87571428571428
2016-05-31,68.12,68.7057142857143
2016-06-01,68.07,68.57285714285715
2016-06-02,68.32,68.5
2016-06-03,68.6,68.45714285714287
2016-06-04,68.71,68.4342857142857
2016-06-05,68.84,68.44714285714285
2016-06-06,68.87,68.50428571428571
2016-06-07,68.81,68.60285714285713
2016-06-08,68.4,68.65
2016-06-09,67.97,68.60000000000001
2016-06-10,68.55,68.59285714285714
2016-06-11,69.27,68.67285714285714
2016-06-12,69.41,68.75428571428571
2016-06-13,70.06,68.92428571428572
2016-06-14,70.62,69.18285714285715
2016-06-15,70.78,69.52285714285713
2016-06-16,70.96,69.94999999999999
2016-06-17,71.05,70.30714285714285
2016-06-18,71.05,70.56142857142858
2016-06-19,70.9,70.77428571428572
2016-06-20,70.95,70.90142857142857
2016-06-21,71.06,70.96428571428571
2016-06-22,71.14,71.01571428571428
2016-06-23,71.29,71.06285714285714
2016-06-24,71.39,71.11142857142856
2016-06-25,71.59,71.18857142857144
2016-06-26,71.78,71.3142857142857
2016-06-27,71.83,71.44
2016-06-28,71.86,71.55428571428571
2016-06-29,71.85,71.6557142857143
2016-06-30,72.03,71.76142857142858
2016-07-01,72.3,71.89142857142856
2016-07-02,72.31,71.99428571428572
2016-07-03,72.54,72.10285714285715
2016-07-04,72.68,72.22428571428571
2016-07-05,72.85,72.36571428571429
2016-07-06,73.32,72.57571428571428
2016-07-07,73.95,72.85000000000001
2016-07-08,74.31,73.13714285714285
2016-07-09,74.57,73.46000000000001
2016-07-10,74.18,73.69428571428571
2016-07-11,74.0,73.88285714285715
2016-07-12,74.25,74.08285714285714
2016-07-13,73.75,74.14428571428572
2016-07-14,73.55,74.08714285714287
2016-07-15,73.3,73.94285714285715
2016-07-16,73.14,73.73857142857143
2016-07-17,73.22,73.60142857142857
2016-07-18,73.22,73.49000000000001
2016-07-19,73.06,73.32000000000001
2016-07-20,73.3,73.25571428571429
2016-07-21,73.54,73.25428571428571
2016-07-22,73.86,73.33428571428571
2016-07-23,73.92,73.44571428571429
2016-07-24,74.21,73.58714285714287
2016-07-25,74.61,73.78571428571429
2016-07-26,73.49,73.84714285714286
2016-07-27,73.47,73.87142857142858
2016-07-28,73.41,73.85285714285715
2016-07-29,73.45,73.79428571428572
2016-07-30,73.49,73.73285714285713
2016-07-31,73.06,73.56857142857143
2016-08-01,72.57,73.27714285714286
2016-08-02,72.65,73.15714285714286
2016-08-03,72.65,73.03999999999999
2016-08-04,72.42,72.89857142857143
2016-08-05,72.46,72.75714285714285
2016-08-06,72.37,72.59714285714286
2016-08-07,72.26,72.48285714285714
2016-08-08,72.19,72.42857142857143
2016-08-09,72.22,72.36714285714285
2016-08-10,72.4,72.33142857142856
2016-08-11,72.1,72.28571428571429
2016-08-12,72.08,72.23142857142857
2016-08-13,72.07,72.18857142857142
2016-08-14,72.19,72.17857142857142
2016-08-15,71.87,72.13285714285715
2016-08-16,72.04,72.10714285714286
2016-08-17,71.96,72.04428571428572
2016-08-18,71.88,72.01285714285714
2016-08-19,72.19,72.02857142857142
2016-08-20,72.59,72.10285714285715
2016-08-21,72.98,72.21571428571428
2016-08-22,72.54,72.31142857142858
2016-08-23,72.51,72.37857142857143
2016-08-24,72.63,72.47428571428571
2016-08-25,72.74,72.59714285714286
2016-08-26,72.54,72.64714285714287
2016-08-27,72.73,72.66714285714286
2016-08-28,73.17,72.69428571428573
2016-08-29,73.45,72.82428571428572
2016-08-30,73.53,72.97000000000001
2016-08-31,74.07,73.17571428571429
2016-09-01,75.04,73.50428571428571
2016-09-02,74.7,73.81285714285715
2016-09-03,75.84,74.25714285714287
2016-09-04,76.91,74.79142857142857
2016-09-05,78.01,75.44285714285714
2016-09-06,79.23,76.25714285714285
2016-09-07,78.93,76.95142857142858
2016-09-08,78.92,77.50571428571429
2016-09-09,78.88,78.10285714285715
2016-09-10,79.1,78.56857142857143
2016-09-11,78.73,78.82857142857144
2016-09-12,78.56,78.90714285714287
2016-09-13,79.31,78.91857142857144
2016-09-14,79.42,78.98857142857142
2016-09-15,79.85,79.12142857142858
2016-09-16,81.62,79.51285714285714
2016-09-17,81.9,79.91285714285713
2016-09-18,82.96,80.51714285714286
2016-09-19,82.59,81.09285714285714
2016-09-20,82.18,81.50285714285714
2016-09-21,82.46,81.93714285714285
2016-09-22,82.84,82.36428571428573
2016-09-23,83.73,82.66571428571429
2016-09-24,84.06,82.9742857142857
2016-09-25,84.15,83.14428571428573
2016-09-26,84.38,83.39999999999999
2016-09-27,84.78,83.77142857142857
2016-09-28,84.99,84.13285714285713
2016-09-29,87.23,84.76
2016-09-30,87.11,85.24285714285715
2016-10-01,86.43,85.58142857142856
2016-10-02,85.4,85.76
2016-10-03,84.95,85.84142857142858
2016-10-04,84.73,85.83428571428571
2016-10-05,85.17,85.85999999999999
2016-10-06,84.32,85.44428571428573
2016-10-07,83.89,84.98428571428573
2016-10-08,83.75,84.60142857142857
2016-10-09,82.63,84.2057142857143
2016-10-10,82.79,83.89714285714285
2016-10-11,83.2,83.67857142857143
2016-10-12,83.42,83.42857142857143
2016-10-13,83.95,83.37571428571428
2016-10-14,83.89,83.37571428571428
2016-10-15,84.91,83.54142857142857
2016-10-16,85.6,83.96571428571428
2016-10-17,85.76,84.39
2016-10-18,86.17,84.8142857142857
2016-10-19,86.7,85.28285714285714
2016-10-20,86.87,85.70000000000002
2016-10-21,87.89,86.27142857142857
2016-10-22,87.16,86.59285714285714
2016-10-23,85.91,86.63714285714285
2016-10-24,85.93,86.66142857142856
2016-10-25,86.55,86.71571428571428
2016-10-26,87.17,86.78285714285713
2016-10-27,87.57,86.88285714285715
2016-10-28,87.76,86.86428571428571
2016-10-29,87.47,86.90857142857143
2016-10-30,87.77,87.17428571428572
2016-10-31,87.94,87.46142857142857
2016-11-01,88.06,87.67714285714285
2016-11-02,87.85,87.77428571428571
2016-11-03,87.65,87.78571428571429
2016-11-04,87.66,87.77142857142857
2016-11-05,87.85,87.82571428571428
2016-11-06,87.28,87.75571428571428
2016-11-07,88.16,87.78714285714285
2016-11-08,88.48,87.84714285714286
2016-11-09,88.37,87.92142857142856
2016-11-10,88.02,87.9742857142857
2016-11-11,88.05,88.02999999999999
2016-11-12,87.65,88.00142857142858
2016-11-13,87.93,88.09428571428573
2016-11-14,87.91,88.05857142857143
2016-11-15,89.04,88.13857142857144
2016-11-16,89.53,88.30428571428571
2016-11-17,89.34,88.49285714285715
2016-11-18,89.56,88.70857142857143
2016-11-19,90.74,89.14999999999999
2016-11-20,89.14,89.32285714285715
2016-11-21,87.86,89.3157142857143
2016-11-22,87.9,89.15285714285713
2016-11-23,88.73,89.03857142857143
2016-11-24,89.32,89.03571428571429
2016-11-25,89.77,89.0657142857143
2016-11-26,89.83,88.9357142857143
2016-11-27,89.91,89.04571428571428
2016-11-28,90.11,89.36714285714285
2016-11-29,90.02,89.66999999999999
2016-11-30,89.29,89.74999999999999
2016-12-01,88.33,89.60857142857142
2016-12-02,86.7,89.17
2016-12-03,84.42,88.39714285714285
2016-12-04,84.14,87.57285714285715
2016-12-05,83.97,86.69571428571429
2016-12-06,83.1,85.70714285714287
2016-12-07,82.89,84.79285714285713
2016-12-08,81.25,83.78142857142858
2016-12-09,78.64,82.63
2016-12-10,78.08,81.72428571428573
2016-12-11,77.94,80.83857142857141
2016-12-12,78.07,79.99571428571429
2016-12-13,77.41,79.18285714285715
2016-12-14,77.74,78.44714285714285
2016-12-15,76.85,77.81857142857143
2016-12-16,75.09,77.31142857142858
2016-12-17,75.89,76.99857142857142
2016-12-18,76.5,76.79285714285713
2016-12-19,76.05,76.50428571428571
2016-12-20,76.28,76.34285714285714
2016-12-21,76.11,76.11
2016-12-22,75.32,75.89142857142858
2016-12-23,74.64,75.82714285714287
2016-12-24,74.58,75.64
2016-12-25,74.1,75.29714285714284
2016-12-26,74.05,75.01142857142857
2016-12-27,74.08,74.69714285714285
2016-12-28,73.61,74.34
2016-12-29,74.11,74.16714285714285
2016-12-30,73.89,74.06000000000002
2016-12-31,73.25,73.86999999999999
2017-01-01,72.84,73.69000000000001
2017-01-02,73.04,73.54571428571428
2017-01-03,73.7,73.49142857142859
2017-01-04,73.75,73.51142857142858
2017-01-05,72.74,73.31571428571428
2017-01-06,72.75,73.15285714285713
2017-01-07,72.93,73.10714285714286
2017-01-08,73.37,73.18285714285715
2017-01-09,73.27,73.21571428571428
2017-01-10,73.29,73.15714285714286
2017-01-11,73.45,73.11428571428571
2017-01-12,73.4,73.20857142857143
2017-01-13,73.06,73.25285714285714
2017-01-14,72.82,73.23714285714286
2017-01-15,72.79,73.1542857142857
2017-01-16,72.44,73.03571428571429
2017-01-17,72.24,72.88571428571429
2017-01-18,72.43,72.74
2017-01-19,72.96,72.67714285714285
2017-01-20,72.51,72.59857142857143
2017-01-21,72.62,72.57000000000001
2017-01-22,72.68,72.55428571428571
2017-01-23,73.23,72.66714285714286
2017-01-24,73.44,72.83857142857143
2017-01-25,72.97,72.91571428571429
2017-01-26,72.67,72.87428571428572
2017-01-27,71.75,72.7657142857143
2017-01-28,70.7,72.49142857142859
2017-01-29,70.29,72.15
2017-01-30,70.48,71.75714285714285
2017-01-31,70.3,71.30857142857143
2017-02-01,70.27,70.92285714285715
2017-02-02,69.99,70.54
2017-02-03,69.83,70.26571428571428
2017-02-04,69.39,70.07857142857142
2017-02-05,69.98,70.03428571428572
2017-02-06,,
2017-02-07,,
2017-02-08,,
2017-02-09,,
2017-02-10,,
2017-02-11,,
2017-02-12,,
2017-02-13,,
2017-02-14,,
2017-02-15,,
2017-02-16,,
2017-02-17,,
2017-02-18,,
2017-02-19,,
2017-02-20,,
2017-02-21,,
2017-02-22,,
2017-02-23,,
2017-02-24,,
2017-02-25,,
2017-02-26,,
2017-02-27,,
2017-02-28,,
2017-03-01,,
2017-03-02,,
2017-03-03,,
2017-03-04,,
2017-03-05,,
2017-03-06,,
2017-03-07,,
2017-03-08,,
2017-03-09,,
2017-03-10,,
2017-03-11,,
2017-03-12,,
2017-03-13,,
2017-03-14,,
2017-03-15,,
2017-03-16,,
2017-03-17,,
2017-03-18,,
2017-03-19,,
2017-03-20,,
2017-03-21,,
2017-03-22,,
2017-03-23,,
2017-03-24,,
2017-03-25,,
2017-03-26,,
2017-03-27,,
2017-03-28,72.11,72.11
2017-03-29,71.79,71.95
2017-03-30,71.02,71.64
2017-03-31,70.3,71.305
2017-04-01,68.18,70.68
2017-04-02,65.29,69.78166666666668
2017-04-03,61.92,68.65857142857143
2017-04-04,60.6,67.01428571428572
2017-04-05,60.54,65.40714285714287
2017-04-06,60.53,63.90857142857145
2017-04-07,54.86,61.70285714285716
2017-04-08,55.39,59.87571428571429
2017-04-09,52.58,58.06
2017-04-10,48.73,56.17571428571429
2017-04-11,47.4,54.29
2017-04-12,47.11,52.37142857142857
2017-04-13,45.73,50.25714285714286
2017-04-14,44.57,48.78714285714285
2017-04-15,44.05,47.16714285714286
2017-04-16,42.94,45.79
2017-04-17,43.03,44.97571428571428
2017-04-18,57.84,46.46714285714285
2017-04-19,60.98,48.44857142857143
2017-04-20,59.31,50.38857142857143
2017-04-21,61.35,52.78571428571428
2017-04-22,62.76,55.45857142857143
2017-04-23,62.7,58.28142857142857
2017-04-24,62.53,61.06714285714286
2017-04-25,63.26,61.84142857142857
2017-04-26,64.37,62.32571428571428
2017-04-27,64.26,63.03285714285715
2017-04-28,63.07,63.27857142857142
2017-04-29,62.54,63.24714285714286
2017-04-30,62.06,63.15571428571429
2017-05-01,63.18,63.24857142857143
2017-05-02,62.73,63.17285714285714
2017-05-03,61.51,62.76428571428572
2017-05-04,62.87,62.56571428571429
2017-05-05,63.94,62.69
2017-05-06,62.54,62.69
2017-05-07,60.09,62.40857142857143
2017-05-08,59.06,61.81999999999999
2017-05-09,58.95,61.27999999999999
2017-05-10,60.85,61.18571428571429
2017-05-11,61.08,60.93
2017-05-12,61.55,60.58857142857143
2017-05-13,62.06,60.52
2017-05-14,62.33,60.84
2017-05-15,58.74,60.79428571428571
2017-05-16,63.87,61.49714285714286
2017-05-17,64.4,62.00428571428571
2017-05-18,64.94,62.55571428571429
2017-05-19,65.31,63.09285714285714
2017-05-20,66.08,63.66714285714285
2017-05-21,66.96,64.32857142857142
2017-05-22,66.72,65.46857142857142
2017-05-23,66.88,65.89857142857143
2017-05-24,67.2,66.29857142857142
2017-05-25,67.71,66.6942857142857
2017-05-26,67.26,66.97285714285714
2017-05-27,66.61,67.04857142857142
2017-05-28,66.8,67.02571428571429
2017-05-29,67.03,67.07000000000001
2017-05-30,67.12,67.10428571428572
2017-05-31,66.6,67.01857142857143
2017-06-01,66.19,66.80142857142859
2017-06-02,66.41,66.67999999999999
2017-06-03,66.34,66.64142857142858
2017-06-04,66.81,66.64285714285715
2017-06-05,67.08,66.64999999999999
2017-06-06,67.88,66.75857142857141
2017-06-07,68.34,67.00714285714285
2017-06-08,67.53,67.19857142857143
2017-06-09,67.15,67.30428571428571
2017-06-10,66.37,67.30857142857143
2017-06-11,65.38,67.10428571428572
2017-06-12,65.44,66.86999999999999
2017-06-13,65.97,66.59714285714286
2017-06-14,66.41,66.32142857142857
2017-06-15,67.51,66.31857142857143
2017-06-16,67.54,66.3742857142857
2017-06-17,67.83,66.58285714285714
2017-06-18,67.34,66.86285714285714
2017-06-19,66.55,67.02142857142857
2017-06-20,65.97,67.02142857142857
2017-06-21,65.59,66.90428571428572
2017-06-22,65.38,66.60000000000001
2017-06-23,66.08,66.39142857142858
2017-06-24,64.92,65.97571428571429
2017-06-25,64.16,65.52142857142857
2017-06-26,64.77,65.26714285714286
2017-06-27,64.75,65.09285714285714
2017-06-28,64.89,64.99285714285713
2017-06-29,65.28,64.97857142857143
2017-06-30,64.6,64.76714285714286
2017-07-01,64.59,64.72000000000001
2017-07-02,64.73,64.80142857142857
2017-07-03,65.33,64.88142857142857
2017-07-04,66.22,65.09142857142857
2017-07-05,66.94,65.38428571428571
2017-07-06,67.3,65.67285714285715
2017-07-07,67.83,66.13428571428571
2017-07-08,68.09,66.63428571428572
2017-07-09,68.0,67.10142857142857
2017-07-10,68.28,67.52285714285713
2017-07-11,68.58,67.85999999999999
2017-07-12,68.69,68.11
2017-07-13,69.04,68.35857142857144
2017-07-14,69.32,68.57142857142857
2017-07-15,69.45,68.76571428571428
2017-07-16,69.5,68.98
2017-07-17,69.6,69.16857142857143
2017-07-18,69.48,69.29714285714286
2017-07-19,69.44,69.4042857142857
2017-07-20,69.43,69.46000000000001
2017-07-21,69.39,69.47
2017-07-22,69.67,69.50142857142858
2017-07-23,69.98,69.57000000000001
2017-07-24,69.71,69.58571428571429
2017-07-25,69.34,69.5657142857143
2017-07-26,69.0,69.50285714285714
2017-07-27,68.59,69.38285714285715
2017-07-28,67.92,69.17285714285715
2017-07-29,68.3,68.97714285714287
2017-07-30,69.75,68.94428571428571
2017-07-31,69.3,68.88571428571429
2017-08-01,69.19,68.86428571428571
2017-08-02,69.54,68.94142857142857
2017-08-03,69.74,69.10571428571428
2017-08-04,69.92,69.39142857142858
2017-08-05,69.7,69.59142857142858
2017-08-06,69.13,69.50285714285715
2017-08-07,69.15,69.48142857142857
2017-08-08,69.02,69.45714285714284
2017-08-09,69.11,69.39571428571428
2017-08-10,69.26,69.32714285714285
2017-08-11,69.32,69.24142857142857
2017-08-12,69.39,69.19714285714285
2017-08-13,69.48,69.24714285714286
2017-08-14,69.14,69.24571428571429
2017-08-15,69.26,69.28
2017-08-16,69.36,69.31571428571428
2017-08-17,69.11,69.29428571428572
2017-08-18,69.14,69.26857142857143
2017-08-19,68.77,69.17999999999999
2017-08-20,68.48,69.03714285714285
2017-08-21,68.3,68.91714285714286
2017-08-22,68.5,68.80857142857143
2017-08-23,67.87,68.5957142857143
2017-08-24,68.02,68.44
2017-08-25,68.07,68.28714285714285
2017-08-26,68.07,68.18714285714285
2017-08-27,68.32,68.16428571428571
2017-08-28,68.8,68.23571428571428
2017-08-29,69.09,68.32000000000001
2017-08-30,70.21,68.6542857142857
2017-08-31,70.13,68.95571428571428
2017-09-01,70.2,69.25999999999999
2017-09-02,70.65,69.62857142857142
2017-09-03,70.88,69.99428571428571
2017-09-04,70.84,70.28571428571429
2017-09-05,70.52,70.49
2017-09-06,70.31,70.50428571428571
2017-09-07,70.73,70.59
2017-09-08,70.47,70.62857142857142
2017-09-09,70.49,70.60571428571428
2017-09-10,70.79,70.59285714285714
2017-09-11,70.81,70.58857142857143
2017-09-12,70.79,70.62714285714286
2017-09-13,71.01,70.72714285714287
2017-09-14,71.01,70.76714285714286
2017-09-15,70.88,70.82571428571428
2017-09-16,70.9,70.88428571428572
2017-09-17,70.91,70.90142857142857
2017-09-18,71.11,70.94428571428571
2017-09-19,71.57,71.05571428571429
2017-09-20,72.06,71.20571428571428
2017-09-21,71.93,71.33714285714287
2017-09-22,72.11,71.51285714285714
2017-09-23,72.16,71.69285714285715
2017-09-24,71.97,71.84428571428573
2017-09-25,72.27,72.01
2017-09-26,72.45,72.13571428571429
2017-09-27,72.63,72.21714285714286
2017-09-28,72.92,72.35857142857142
2017-09-29,73.36,72.53714285714285
2017-09-30,73.51,72.73
2017-10-01,73.95,73.01285714285714
2017-10-02,73.95,73.25285714285714
2017-10-03,74.16,73.49714285714286
2017-10-04,74.53,73.76857142857143
2017-10-05,74.38,73.97714285714285
2017-10-06,74.56,74.14857142857143
2017-10-07,76.13,74.52285714285715
2017-10-08,77.32,75.00428571428571
2017-10-09,77.4,75.49714285714286
2017-10-10,76.91,75.89
2017-10-11,76.95,76.23571428571428
2017-10-12,78.35,76.80285714285712
2017-10-13,78.4,77.35142857142856
2017-10-14,77.71,77.57714285714285
2017-10-15,77.59,77.61571428571428
2017-10-16,76.94,77.54999999999998
2017-10-17,77.16,77.58571428571429
2017-10-18,77.95,77.72857142857143
2017-10-19,77.83,77.6542857142857
2017-10-20,77.9,77.58285714285714
2017-10-21,78.28,77.66428571428571
2017-10-22,78.91,77.85285714285713
2017-10-23,79.63,78.23714285714286
2017-10-24,81.16,78.80857142857143
2017-10-25,79.92,79.09
2017-10-26,79.31,79.30142857142857
2017-10-27,78.91,79.44571428571429
2017-10-28,79.42,79.60857142857142
2017-10-29,80.25,79.79999999999998
2017-10-30,76.41,79.34
2017-10-31,73.57,78.25571428571428
2017-11-01,73.01,77.26857142857143
2017-11-02,72.37,76.27714285714286
2017-11-03,71.73,75.25142857142858
2017-11-04,71.37,74.10142857142857
2017-11-05,71.52,72.85428571428572
2017-11-06,71.37,72.13428571428571
2017-11-07,70.93,71.75714285714285
2017-11-08,71.41,71.52857142857144
2017-11-09,71.64,71.42428571428572
2017-11-10,70.97,71.3157142857143
2017-11-11,71.07,71.27285714285715
2017-11-12,71.13,71.21714285714286
2017-11-13,71.18,71.19000000000001
2017-11-14,71.46,71.26571428571428
2017-11-15,71.67,71.30285714285715
2017-11-16,72.01,71.35571428571428
2017-11-17,71.32,71.40571428571428
2017-11-18,71.61,71.48285714285714
2017-11-19,71.05,71.47142857142858
2017-11-20,70.39,71.35857142857142
2017-11-21,70.47,71.21714285714286
2017-11-22,70.32,71.02428571428571
2017-11-23,70.86,70.86
2017-11-24,71.17,70.83857142857143
2017-11-25,71.57,70.83285714285715
2017-11-26,71.46,70.89142857142858
2017-11-27,71.42,71.03857142857143
2017-11-28,71.47,71.18142857142857
2017-11-29,71.86,71.40142857142858
2017-11-30,71.66,71.51571428571428
2017-12-01,71.95,71.62714285714284
2017-12-02,72.0,71.68857142857142
2017-12-03,72.1,71.77999999999999
2017-12-04,75.30905785916542,72.33557969416648
2017-12-05,,
2017-12-06,,
2017-12-07,,
2017-12-08,,
2017-12-09,,
2017-12-10,,
2017-12-11,,
2017-12-12,,
2017-12-13,,
2017-12-14,,
2017-12-15,,
2017-12-16,,
2017-12-17,,
2017-12-18,,
2017-12-19,,
2017-12-20,,
2017-12-21,,
2017-12-22,,
2017-12-23,,
2017-12-24,,
2017-12-25,,
2017-12-26,,
2017-12-27,,
2017-12-28,,
2017-12-29,,
2017-12-30,,
2017-12-31,,
2018-01-01,,
2018-01-02,,
2018-01-03,,
2018-01-04,74.74,74.74
2018-01-05,74.94,74.84
2018-01-06,74.0,74.56
2018-01-07,74.5,74.545
2018-01-08,75.36,74.708
2018-01-09,75.53,74.84500000000001
2018-01-10,75.79,74.98
2018-01-11,75.97,75.1557142857143
2018-01-12,76.52,75.38142857142857
2018-01-13,76.92,75.79857142857142
2018-01-14,75.89,75.99714285714286
2018-01-15,75.99,76.08714285714287
2018-01-16,75.82,76.12857142857142
2018-01-17,75.12,76.03285714285714
2018-01-18,74.37,75.80428571428571
2018-01-19,74.21,75.47428571428573
2018-01-20,73.91,75.0442857142857
2018-01-21,73.5,74.70285714285714
2018-01-22,73.48,74.3442857142857
2018-01-23,73.51,74.01428571428572
2018-01-24,72.82,73.68571428571428
2018-01-25,71.74,73.30999999999999
2018-01-26,70.88,72.83428571428571
2018-01-27,70.12,72.29285714285714
2018-01-28,68.85,71.62857142857142
2018-01-29,69.34,71.03714285714285
2018-01-30,70.22,70.56714285714285
2018-01-31,69.57,70.10285714285716
2018-02-01,69.04,69.71714285714286
2018-02-02,68.3,69.34857142857143
2018-02-03,68.24,69.08000000000001
2018-02-04,68.07,68.96857142857144
2018-02-05,68.18,68.80285714285715
2018-02-06,67.71,68.44428571428571
2018-02-07,68.93,68.35285714285713
2018-02-08,69.81,68.46285714285713
2018-02-09,70.18,68.73142857142857
2018-02-10,70.67,69.07857142857144
2018-02-11,71.0,69.49714285714286
2018-02-12,68.45,69.53571428571429
2018-02-13,67.46,69.5
2018-02-14,66.94,69.21571428571428
2018-02-15,65.49,68.59857142857143
2018-02-16,66.2,68.03
2018-02-17,64.74,67.18285714285715
2018-02-18,62.44,65.96
2018-02-19,57.56,64.4042857142857
2018-02-20,55.21,62.65428571428571
2018-02-21,49.12,60.10857142857143
2018-02-22,47.69,57.56571428571429
2018-02-23,54.35,55.87285714285714
2018-02-24,49.12,53.64142857142857
2018-02-25,49.06,51.73
2018-02-26,49.64,50.59857142857142
2018-02-27,40.73,48.53000000000001
2018-02-28,38.86,47.06428571428572
2018-03-01,38.86,45.80285714285714
2018-03-02,38.45,43.53142857142857
2018-03-03,59.98,45.08285714285715
2018-03-04,67.9,47.77428571428572
2018-03-05,68.19,50.42428571428571
2018-03-06,69.09,54.47571428571429
2018-03-07,69.37,58.83428571428572
2018-03-08,69.16,63.16285714285714
2018-03-09,67.36,67.29285714285713
2018-03-10,66.86,68.2757142857143
2018-03-11,68.68,68.38714285714286
2018-03-12,70.21,68.67571428571429
2018-03-13,71.84,69.06857142857143
2018-03-14,72.13,69.46285714285715
2018-03-15,71.0,69.72571428571429
2018-03-16,70.71,70.20428571428572
2018-03-17,70.64,70.74428571428571
2018-03-18,70.36,70.98428571428572
2018-03-19,70.69,71.05285714285715
2018-03-20,70.8,70.9042857142857
2018-03-21,72.08,70.89714285714285
2018-03-22,72.85,71.16142857142857
2018-03-23,73.2,71.51714285714284
2018-03-24,73.15,71.87571428571428
2018-03-25,73.07,72.26285714285714
2018-03-26,73.34,72.64142857142858
2018-03-27,73.18,72.98142857142857
2018-03-28,73.06,73.12142857142858
2018-03-29,72.98,73.14
2018-03-30,72.38,73.02285714285715
2018-03-31,71.74,72.82142857142857
2018-04-01,71.49,72.5957142857143
2018-04-02,70.94,72.25285714285715
2018-04-03,71.22,71.97285714285715
2018-04-04,70.79,71.64857142857143
2018-04-05,67.63,70.88428571428571
2018-04-06,67.68,70.21285714285715
2018-04-07,66.45,69.45714285714286
2018-04-08,68.75,69.06571428571428
2018-04-09,69.64,68.88
2018-04-10,69.71,68.66428571428571
2018-04-11,69.98,68.54857142857142
2018-04-12,70.15,68.90857142857143
2018-04-13,69.09,69.11
2018-04-14,68.23,69.36428571428573
2018-04-15,68.93,69.39000000000001
2018-04-16,69.6,69.38428571428572
2018-04-17,67.77,69.10714285714286
2018-04-18,65.3,68.43857142857142
2018-04-19,63.95,67.55285714285715
2018-04-20,61.79,66.51
2018-04-21,61.56,65.55714285714286
2018-04-22,60.63,64.37142857142858
2018-04-23,60.53,63.07571428571428
2018-04-24,60.68,62.06285714285714
2018-04-25,62.64,61.68285714285715
2018-04-26,61.62,61.35
2018-04-27,60.48,61.16285714285715
2018-04-28,59.9,60.92571428571429
2018-04-29,56.93,60.39714285714286
2018-04-30,55.71,59.70857142857142
2018-05-01,58.44,59.38857142857142
2018-05-02,58.63,58.81571428571429
2018-05-03,56.45,58.07714285714286
2018-05-04,53.51,57.08142857142857
2018-05-05,55.27,56.41999999999999
2018-05-06,59.75,56.82285714285714
2018-05-07,62.95,57.85714285714285
2018-05-08,64.61,58.73857142857143
2018-05-09,65.32,59.69428571428572
2018-05-10,65.78,61.02714285714286
2018-05-11,65.7,62.76857142857143
2018-05-12,66.26,64.33857142857143
2018-05-13,66.53,65.30714285714285
2018-05-14,65.65,65.69285714285715
2018-05-15,65.03,65.75285714285714
2018-05-16,64.21,65.5942857142857
2018-05-17,63.65,65.28999999999999
2018-05-18,61.33,64.66571428571429
2018-05-19,61.23,63.94714285714286
2018-05-20,56.01,62.44428571428571
2018-05-21,49.39,60.12142857142857
2018-05-22,46.96,57.54
2018-05-23,44.91,54.78285714285713
2018-05-24,43.87,51.95714285714285
2018-05-25,42.24,49.23
2018-05-26,42.14,46.50285714285714
2018-05-27,45.16,44.95285714285713
2018-05-28,46.74,44.57428571428571
2018-05-29,45.57,44.37571428571429
2018-05-30,44.66,44.34
2018-05-31,46.36,44.69571428571429
2018-06-01,48.39,45.57428571428571
2018-06-02,50.28,46.73714285714285
2018-06-03,59.08,48.72571428571428
2018-06-04,63.06,51.05714285714286
2018-06-05,64.67,53.78571428571428
2018-06-06,66.26,56.87142857142857
2018-06-07,67.86,59.94285714285714
2018-06-08,67.75,62.70857142857143
2018-06-09,67.41,65.1557142857143
2018-06-10,67.5,66.35857142857142
2018-06-11,67.66,67.01571428571428
2018-06-12,66.98,67.34571428571428
2018-06-13,66.46,67.3742857142857
2018-06-14,65.63,67.05571428571429
2018-06-15,66.33,66.85285714285713
2018-06-16,67.11,66.80999999999999
2018-06-17,66.75,66.70285714285714
2018-06-18,66.95,66.60142857142857
2018-06-19,66.62,66.55
2018-06-20,67.22,66.65857142857143
2018-06-21,67.78,66.96571428571428
2018-06-22,68.26,67.24142857142856
2018-06-23,68.47,67.43571428571428
2018-06-24,68.68,67.71142857142857
2018-06-25,68.26,67.89857142857143
2018-06-26,68.86,68.21857142857144
2018-06-27,69.18,68.49857142857144
2018-06-28,68.75,68.63714285714286
2018-06-29,68.12,68.61714285714287
2018-06-30,68.28,68.59
2018-07-01,68.56,68.57285714285715
2018-07-02,68.89,68.66285714285715
2018-07-03,69.0,68.68285714285715
2018-07-04,68.91,68.64428571428572
2018-07-05,69.04,68.68571428571428
2018-07-06,68.7,68.76857142857143
2018-07-07,69.11,68.88714285714286
2018-07-08,70.01,69.0942857142857
2018-07-09,69.96,69.24714285714285
2018-07-10,69.79,69.36
2018-07-11,69.79,69.4857142857143
2018-07-12,70.43,69.68428571428572
2018-07-13,70.45,69.93428571428572
2018-07-14,70.71,70.16285714285713
2018-07-15,70.73,70.26571428571428
2018-07-16,70.71,70.37285714285714
2018-07-17,70.75,70.51
2018-07-18,70.5,70.61142857142856
2018-07-19,70.65,70.64285714285714
2018-07-20,70.95,70.71428571428571
2018-07-21,71.11,70.77142857142857
2018-07-22,71.68,70.90714285714286
2018-07-23,71.22,70.98
2018-07-24,70.79,70.9857142857143
2018-07-25,70.07,70.92428571428572
2018-07-26,68.34,70.59428571428573
2018-07-27,66.44,69.95
2018-07-28,65.03,69.08142857142857
2018-07-29,64.53,68.05999999999999
2018-07-30,64.36,67.08
2018-07-31,63.55,66.04571428571428
2018-08-01,64.47,65.24571428571429
2018-08-02,63.32,64.52857142857142
2018-08-03,62.78,64.00571428571429
2018-08-04,61.19,63.45714285714286
2018-08-05,56.85,62.36000000000001
2018-08-06,54.79,60.99285714285714
2018-08-07,54.46,59.69428571428572
2018-08-08,56.72,58.58714285714286
2018-08-09,57.5,57.75571428571428
2018-08-10,59.66,57.31
2018-08-11,60.12,57.15714285714286
2018-08-12,58.76,57.43
2018-08-13,57.98,57.88571428571429
2018-08-14,52.41,57.59285714285714
2018-08-15,42.34,55.53857142857142
2018-08-16,39.26,52.93285714285714
2018-08-17,39.39,50.03714285714285
2018-08-18,41.07,47.31571428571429
2018-08-19,49.71,46.02285714285714
2018-08-20,59.98,46.30857142857143
2018-08-21,61.94,47.67
2018-08-22,60.31,50.23714285714286
2018-08-23,58.27,52.95285714285713
2018-08-24,62.91,56.31285714285713
2018-08-25,63.53,59.52142857142857
2018-08-26,64.62,61.65142857142856
2018-08-27,63.73,62.18714285714287
2018-08-28,64.64,62.57285714285714
2018-08-29,64.89,63.22714285714285
2018-08-30,64.85,64.16714285714285
2018-08-31,64.92,64.45428571428572
2018-09-01,65.14,64.68428571428572
2018-09-02,65.35,64.78857142857143
2018-09-03,65.82,65.08714285714285
2018-09-04,65.89,65.26571428571428
2018-09-05,65.96,65.41857142857143
2018-09-06,66.35,65.63285714285713
2018-09-07,66.35,65.83714285714287
2018-09-08,66.5,66.03142857142858
2018-09-09,67.42,66.32714285714286
2018-09-10,67.64,66.58714285714285
2018-09-11,66.55,66.68142857142857
2018-09-12,64.67,66.49714285714286
2018-09-13,63.22,66.05
2018-09-14,62.16,65.45142857142856
2018-09-15,60.9,64.65142857142857
2018-09-16,60.55,63.67
2018-09-17,60.9,62.70714285714286
2018-09-18,60.45,61.83571428571428
2018-09-19,62.03,61.45857142857142
2018-09-20,64.69,61.66857142857143
2018-09-21,63.86,61.91142857142858
2018-09-22,60.93,61.91571428571429
2018-09-23,61.2,62.00857142857143
2018-09-24,62.76,62.27428571428572
2018-09-25,64.69,62.88
2018-09-26,61.81,62.84857142857143
2018-09-27,57.9,61.87857142857143
2018-09-28,55.44,60.67571428571428
2018-09-29,45.65,58.49285714285714
2018-09-30,40.73,55.56857142857143
2018-10-01,42.14,52.62285714285714
2018-10-02,45.16,49.83285714285715
2018-10-03,46.13,47.59285714285714
2018-10-04,48.93,46.31142857142857
2018-10-05,50.65,45.62714285714285
2018-10-06,50.28,46.28857142857142
2018-10-07,46.36,47.09285714285715
2018-10-08,42.94,47.20714285714286
2018-10-09,46.89,47.45428571428572
2018-10-10,42.74,46.97000000000001
2018-10-11,44.57,46.34714285714286
2018-10-12,41.62,45.05714285714286
2018-10-13,40.62,43.67714285714286
2018-10-14,40.26,42.80571428571428
2018-10-15,41.62,42.61714285714286
2018-10-16,50.34,43.11
2018-10-17,55.39,44.91714285714285
2018-10-18,59.16,47.00142857142857
2018-10-19,65.93,50.47428571428571
2018-10-20,65.15,53.97857142857143
2018-10-21,64.71,57.47142857142858
2018-10-22,67.3,61.14
2018-10-23,66.97,63.51571428571429
2018-10-24,66.15,65.05285714285715
2018-10-25,67.0,66.17285714285715
2018-10-26,66.96,66.32
2018-10-27,68.33,66.77428571428571
2018-10-28,67.83,67.21999999999998
2018-10-29,67.16,67.2
2018-10-30,66.27,67.1
2018-10-31,66.74,67.1842857142857
2018-11-01,66.09,67.05428571428571
2018-11-02,65.75,66.88142857142857
2018-11-03,63.49,66.19000000000001
2018-11-04,58.26,64.82285714285715
2018-11-05,57.39,63.42714285714286
2018-11-06,55.47,61.8842857142857
2018-11-07,45.89,58.90571428571429
2018-11-08,41.51,55.39428571428572
2018-11-09,40.96,51.85285714285714
2018-11-10,38.16,48.23428571428571
2018-11-11,37.08,45.20857142857142
2018-11-12,37.24,42.33
2018-11-13,36.92,39.68000000000001
2018-11-14,46.13,39.71428571428572
2018-11-15,60.12,42.37285714285714
2018-11-16,67.05,46.1
2018-11-17,64.83,49.91
2018-11-18,64.21,53.78571428571428
2018-11-19,64.66,57.70285714285713
2018-11-20,63.62,61.51714285714286
2018-11-21,62.06,63.79285714285714
2018-11-22,57.53,63.42285714285715
2018-11-23,59.6,62.35857142857143
2018-11-24,61.79,61.92428571428572
2018-11-25,58.6,61.12285714285715
2018-11-26,52.58,59.39714285714286
2018-11-27,40.85,56.14428571428572
2018-11-28,40.26,53.02999999999999
2018-11-29,45.33,51.28714285714285
2018-11-30,54.84,50.60714285714285
2018-12-01,53.4,49.40857142857143
2018-12-02,54.36,48.80285714285714
2018-12-03,46.44,47.92571428571429
2018-12-04,37.86,47.49857142857143
2018-12-05,44.83,48.15142857142857
2018-12-06,45.0,48.10428571428572
2018-12-07,35.29,45.31142857142857
2018-12-08,43.5,43.89714285714286
2018-12-09,41.72,42.09142857142857
2018-12-10,49.39,42.51285714285714
2018-12-11,,
2018-12-12,,
2018-12-13,,
2018-12-14,,
2018-12-15,,
2018-12-16,,
2018-12-17,,
2018-12-18,,
2018-12-19,,
2018-12-20,,
2018-12-21,66.29851054205204,66.29851054205204
2018-12-22,62.04312771466738,64.17081912835971
2018-12-23,53.13528654649594,60.49230826773845
2018-12-24,48.93,57.60173120080384
2018-12-25,43.41,54.76338496064307
2018-12-26,40.73,52.42448746720256
2018-12-27,38.01,50.36527497188791
2018-12-28,37.4,46.23691632302332
2018-12-29,35.68,42.47075522092798
2018-12-30,34.22,39.76857142857143
2018-12-31,33.75,37.6
2019-01-01,33.5,36.18428571428571
2019-01-02,32.41,34.99571428571429
2019-01-03,32.11,34.15285714285714
2019-01-04,32.41,33.44
2019-01-05,34.66,33.29428571428571
2019-01-06,33.75,33.22714285714285
2019-01-07,31.79,32.94714285714286
2019-01-08,32.11,32.74857142857142
2019-01-09,32.11,32.70571428571429
2019-01-10,38.01,33.54857142857143
2019-01-11,63.29672736258442,37.96096105179777
2019-01-12,65.79669929720127,42.40906095139795
2019-01-13,65.48315210155945,46.94236839447787
2019-01-14,67.61277197248204,52.05990724768959
2019-01-15,68.27104074944992,57.22577021189672
2019-01-16,68.16468425446675,62.37643939110626
2019-01-17,67.42189485925228,66.57813865671373
2019-01-18,68.12893084197793,67.26845343948425
2019-01-19,68.30619501292963,67.62695282744542
2019-01-20,68.97030946740259,68.12511816542302
2019-01-21,64.67306797770905,67.70516045188401
2019-01-22,64.09263535358106,67.10824539533132
2019-01-23,67.35245160839115,66.99221216017767
2019-01-24,67.80780530941455,67.04734222448657
2019-01-25,62.63155684344245,66.26200308183864
2019-01-26,53.99,64.21683236570584
2019-01-27,50.15,61.52821672750547
2019-01-28,45.08,58.72920701640417
2019-01-29,48.52,56.50454482303544
2019-01-30,40.96,52.73419459326528
2019-01-31,56.22331097844135,51.07926683169768
2019-02-01,59.92584257556367,50.69273622200071
2019-02-02,62.06278124405302,51.84599068543687
2019-02-03,60.30483923727235,53.2966820050472
2019-02-04,62.38392244210221,55.76867092534752
2019-02-05,62.88764645519861,57.82119184751874
2019-02-06,62.31426852137452,60.87180163628653
2019-02-07,62.53977413904146,61.77415351637227
2019-02-08,62.90901733974263,62.2003213398264
2019-02-09,52.32496015583273,60.80920404150921
2019-02-10,51.49,59.54994129332745
2019-02-11,50.65,57.87366665874141
2019-02-12,59.7608309188016,57.42697872497042
2019-02-13,62.95738715125592,57.51885281495348
2019-02-14,55.16366563234673,56.4651230282828
2019-02-15,61.55160909708063,56.27120756504538
2019-02-16,62.24001489660869,57.68764395658479
2019-02-17,62.98985943277323,59.33048101840954
2019-02-18,63.24530979098041,61.1298109885496
2019-02-19,60.29834057589336,61.20659808241985
2019-02-20,59.31076812291896,60.68565250694314
2019-02-21,61.10049027001848,61.53377031232482
2019-02-22,58.66202645098301,61.12097279145372
2019-02-23,,
2019-02-24,,
2019-02-25,,
2019-02-26,,
2019-02-27,,
2019-02-28,,
2019-03-01,,
2019-03-02,,
2019-03-03,,
2019-03-04,,
2019-03-05,,
2019-03-06,,
2019-03-07,,
2019-03-08,,
2019-03-09,,
2019-03-10,,
2019-03-11,,
2019-03-12,63.93582652408388,63.93582652408388
2019-03-13,65.05528182922284,64.49555417665336
2019-03-14,64.8989980015773,64.630035451628
2019-03-15,64.2807211347558,64.54270687240995
2019-03-16,59.98192451985184,63.63055040189833
2019-03-17,62.02838792860974,63.36352332301689
2019-03-18,62.22520205002682,63.20090599830403
2019-03-19,61.53130550089809,62.85740299499178
2019-03-20,61.16559892617587,62.30173400884221
2019-03-21,62.69337182272261,61.9866445547201
2019-03-22,62.07752286885906,61.67190194530628
2019-03-23,53.16289614735785,60.69775503495
2019-03-24,48.99,58.83512818800575
2019-03-25,47.55,56.73867075228764
2019-03-26,48.39,54.86134139501649
2019-03-27,51.13,53.42768440556279
2019-03-28,51.49,51.82720271660241
2019-03-29,48.73,49.92041373533684
2019-03-30,53.84474158190562,50.01782022598652
2019-03-31,57.26436311169537,51.19987209908585
2019-04-01,55.43887447473387,52.32685416690499
2019-04-02,63.7,54.51399702404784
2019-04-03,65.43,56.55685416690498
2019-04-04,62.62,58.14685416690498
2019-04-05,61.44,59.96256845261927
2019-04-06,62.91,61.2576053694899
2019-04-07,63.53,62.15269635353341
2019-04-08,63.67,63.32857142857143
2019-04-09,63.78,63.34
2019-04-10,64.54,63.21285714285715
2019-04-11,63.69,63.3657142857143
2019-04-12,63.2,63.61714285714286
2019-04-13,61.65,63.43714285714286
2019-04-14,60.97,63.07142857142857
2019-04-15,60.25,62.58285714285713
2019-04-16,52.75,61.00714285714286
2019-04-17,47.04,58.50714285714286
2019-04-18,48.39,56.32142857142857
2019-04-19,46.44,53.92714285714286
2019-04-20,43.6,51.34857142857143
2019-04-21,40.85,48.47428571428572
2019-04-22,37.56,45.23285714285714
2019-04-23,36.58,42.92285714285714
2019-04-24,35.87,41.32714285714286
2019-04-25,35.08,39.42571428571428
2019-04-26,39.9,38.49142857142857
2019-04-27,38.86,37.81428571428571
2019-04-28,59.44,40.46999999999999
2019-04-29,63.62,44.19285714285714
2019-04-30,64.41,48.16857142857142
2019-05-01,63.8,52.15857142857142
2019-05-02,63.5,56.21857142857143
2019-05-03,63.87,59.64285714285715
2019-05-04,63.58,63.17428571428571
2019-05-05,63.58,63.76571428571428
2019-05-06,63.43,63.73857142857143
2019-05-07,61.39,63.30714285714286
2019-05-08,57.76,62.44428571428571
2019-05-09,55.81,61.34571428571428
2019-05-10,55.33,60.12571428571429
2019-05-11,52.01,58.47285714285714
2019-05-12,54.77,57.21428571428571
2019-05-13,58.59,56.52285714285714
2019-05-14,51.78,55.14999999999999
2019-05-15,44.57,53.26571428571428
2019-05-16,40.26,51.04428571428571
2019-05-17,38.73,48.67285714285715
2019-05-18,37.86,46.65142857142857
2019-05-19,37.4,44.16999999999999
2019-05-20,37.24,41.12
2019-05-21,37.24,39.04285714285714
2019-05-22,36.75,37.92571428571429
2019-05-23,36.58,37.4
2019-05-24,36.75,37.11714285714286
2019-05-25,51.6,39.08
2019-05-26,51.84,41.14285714285715
2019-05-27,54.63,43.62714285714286
2019-05-28,61.47,47.08857142857143
2019-05-29,62.5,50.76714285714286
2019-05-30,63.94,54.67571428571428
2019-05-31,62.53,58.35857142857143
2019-06-01,60.79,59.67142857142857
2019-06-02,61.13,60.99857142857143
2019-06-03,59.85,61.74428571428572
2019-06-04,59.9,61.52
2019-06-05,60.89,61.29
2019-06-06,59.79,60.69714285714286
2019-06-07,60.94,60.47000000000001
2019-06-08,61.59,60.58428571428572
2019-06-09,62.24,60.74285714285715
2019-06-10,63.0,61.19285714285714
2019-06-11,62.91,61.62285714285714
2019-06-12,63.68,62.02142857142858
2019-06-13,63.83,62.59857142857143
2019-06-14,62.52,62.82428571428571
2019-06-15,61.57,62.82142857142857
2019-06-16,60.91,62.63142857142856
2019-06-17,61.42,62.4057142857143
2019-06-18,62.85,62.39714285714286
2019-06-19,63.12,62.31714285714286
2019-06-20,61.92,62.04428571428572
2019-06-21,56.55,61.19142857142857
2019-06-22,58.74,60.78714285714286
2019-06-23,61.78,60.91142857142857
2019-06-24,64.0,61.28000000000001
2019-06-25,66.01,61.73142857142857
2019-06-26,66.51,62.21571428571428
2019-06-27,66.78,62.91
2019-06-28,67.27,64.44142857142857
2019-06-29,67.57,65.70285714285714
2019-06-30,67.71,66.54999999999998
2019-07-01,68.18,67.14714285714285
2019-07-02,68.48,67.5
2019-07-03,68.19,67.74
2019-07-04,68.14,67.9342857142857
2019-07-05,68.37,68.09142857142857
2019-07-06,68.33,68.2
2019-07-07,67.72,68.20142857142856
2019-07-08,68.2,68.20428571428572
2019-07-09,68.18,68.16142857142857
2019-07-10,67.89,68.11857142857141
2019-07-11,68.05,68.10571428571428
2019-07-12,66.9,67.89571428571428
2019-07-13,66.28,67.60285714285715
2019-07-14,65.9,67.34285714285714
2019-07-15,66.15,67.04999999999998
2019-07-16,66.85,66.86
2019-07-17,67.1,66.74714285714286
2019-07-18,67.24,66.63142857142859
2019-07-19,67.17,66.67
2019-07-20,67.43,66.83428571428571
2019-07-21,67.72,67.0942857142857
2019-07-22,68.5,67.42999999999999
2019-07-23,67.93,67.58428571428571
2019-07-24,68.4,67.77
2019-07-25,68.81,67.99428571428572
2019-07-26,68.76,68.22142857142858
2019-07-27,69.07,68.45571428571428
2019-07-28,69.28,68.67857142857143
2019-07-29,68.98,68.74714285714286
2019-07-30,69.15,68.92142857142858
2019-07-31,69.05,69.0142857142857
2019-08-01,69.2,69.07000000000001
2019-08-02,69.38,69.15857142857143
2019-08-03,69.51,69.22142857142856
2019-08-04,69.54,69.25857142857143
2019-08-05,69.51,69.33428571428571
2019-08-06,69.73,69.41714285714286
2019-08-07,69.69,69.50857142857143
2019-08-08,69.41,69.53857142857143
2019-08-09,69.37,69.53714285714285
2019-08-10,69.6,69.55
2019-08-11,69.73,69.57714285714287
2019-08-12,69.78,69.61571428571429
2019-08-13,69.46,69.57714285714286
2019-08-14,69.57,69.55999999999999
2019-08-15,70.02,69.64714285714285
2019-08-16,70.26,69.77428571428571
2019-08-17,70.22,69.86285714285714
2019-08-18,70.34,69.95
2019-08-19,70.31,70.02571428571429
2019-08-20,70.22,70.13428571428571
2019-08-21,70.69,70.29428571428572
2019-08-22,70.57,70.37285714285714
2019-08-23,70.68,70.43285714285715
2019-08-24,71.13,70.56285714285714
2019-08-25,71.68,70.75428571428571
2019-08-26,72.06,71.00428571428571
2019-08-27,71.95,71.25142857142858
2019-08-28,71.93,71.42857142857143
2019-08-29,71.86,71.61285714285715
2019-08-30,71.93,71.79142857142857
2019-08-31,71.94,71.90714285714286
2019-09-01,72.16,71.97571428571429
2019-09-02,72.44,72.03
2019-09-03,72.29,72.07857142857144
2019-09-04,72.51,72.16142857142857
2019-09-05,72.38,72.2357142857143
2019-09-06,72.72,72.34857142857142
2019-09-07,73.28,72.53999999999999
2019-09-08,73.23,72.69285714285715
2019-09-09,73.19,72.8
2019-09-10,73.52,72.97571428571429
2019-09-11,73.82,73.16285714285713
2019-09-12,73.63,73.34142857142857
2019-09-13,74.61,73.61142857142856
2019-09-14,74.78,73.82571428571428
2019-09-15,74.3,73.97857142857141
2019-09-16,74.36,74.14571428571428
2019-09-17,74.94,74.34857142857143
2019-09-18,75.43,74.57857142857142
2019-09-19,76.33,74.96428571428571
2019-09-20,75.9,75.14857142857143
2019-09-21,75.77,75.28999999999999
2019-09-22,76.71,75.63428571428572
2019-09-23,76.78,75.98
2019-09-24,76.43,76.19285714285714
2019-09-25,77.23,76.45
2019-09-26,78.14,76.70857142857143
2019-09-27,78.21,77.03857142857143
2019-09-28,78.93,77.49000000000001
2019-09-29,79.3,77.86
2019-09-30,79.93,78.31000000000002
2019-10-01,80.76,78.92857142857143
2019-10-02,80.52,79.39857142857143
2019-10-03,81.71,79.90857142857143
2019-10-04,81.36,80.35857142857142
2019-10-05,81.28,80.69428571428571
2019-10-06,81.29,80.97857142857141
2019-10-07,81.22,81.16285714285713
2019-10-08,81.21,81.22714285714287
2019-10-09,82.97,81.57714285714285
2019-10-10,84.43,81.96571428571428
2019-10-11,85.85,82.60714285714286
2019-10-12,86.11,83.29714285714284
2019-10-13,84.43,83.74571428571429
2019-10-14,83.85,84.12142857142858
2019-10-15,83.52,84.45142857142856
2019-10-16,83.94,84.58999999999999
2019-10-17,80.25,83.99285714285715
2019-10-18,78.54,82.94857142857143
2019-10-19,79.22,81.96428571428571
2019-10-20,78.51,81.11857142857143
2019-10-21,78.49,80.35285714285715
2019-10-22,78.18,79.59000000000002
2019-10-23,77.15,78.62
2019-10-24,76.07,78.02285714285715
2019-10-25,75.36,77.56857142857143
2019-10-26,74.96,76.96000000000001
2019-10-27,74.77,76.42571428571429
2019-10-28,74.19,75.81142857142856
2019-10-29,73.82,75.18857142857142
2019-10-30,73.2,74.62428571428572
2019-10-31,72.72,74.14571428571428
2019-11-01,71.41,73.58142857142856
2019-11-02,70.08,72.8842857142857
2019-11-03,68.96,72.0542857142857
2019-11-04,68.3,71.21285714285713
2019-11-05,67.67,70.33428571428571
2019-11-06,67.87,69.57285714285715
2019-11-07,68.3,68.94142857142857
2019-11-08,68.03,68.45857142857143
2019-11-09,68.89,68.28857142857143
2019-11-10,68.94,68.28571428571428
2019-11-11,68.37,68.29571428571428
2019-11-12,67.99,68.34142857142858
2019-11-13,67.83,68.33571428571427
2019-11-14,67.94,68.28428571428572
2019-11-15,67.97,68.27571428571427
2019-11-16,68.16,68.17142857142856
2019-11-17,68.87,68.16142857142857
2019-11-18,69.47,68.31857142857143
2019-11-19,69.69,68.56142857142858
2019-11-20,69.2,68.75714285714285
2019-11-21,69.51,68.98142857142857
2019-11-22,69.83,69.24714285714285
2019-11-23,69.62,69.45571428571428
2019-11-24,69.88,69.6
2019-11-25,69.64,69.6242857142857
2019-11-26,69.74,69.63142857142857
2019-11-27,70.08,69.75714285714285
2019-11-28,69.45,69.74857142857142
2019-11-29,69.85,69.75142857142858
2019-11-30,70.43,69.86714285714285
2019-12-01,70.43,69.94571428571429
2019-12-02,70.69,70.0957142857143
2019-12-03,71.05,70.28285714285714
2019-12-04,71.29,70.4557142857143
2019-12-05,71.24,70.71142857142857
2019-12-06,71.27,70.91428571428573
2019-12-07,71.23,71.02857142857144
2019-12-08,71.36,71.16142857142857
2019-12-09,71.16,71.22857142857143
2019-12-10,70.8,71.19285714285715
2019-12-11,70.11,71.02428571428571
2019-12-12,70.05,70.85428571428572
2019-12-13,70.17,70.69714285714286
2019-12-14,70.49,70.59142857142858
2019-12-15,69.43,70.3157142857143
2019-12-16,67.83,69.84
2019-12-17,68.34,69.48857142857142
2019-12-18,67.66,69.13857142857141
2019-12-19,65.24,68.45142857142856
2019-12-20,66.77,67.96571428571428
2019-12-21,67.92,67.59857142857143
2019-12-22,68.18,67.42
2019-12-23,67.7,67.40142857142857
2019-12-24,67.73,67.31428571428572
2019-12-25,68.1,67.37714285714286
2019-12-26,68.18,67.79714285714286
2019-12-27,68.32,68.01857142857143
2019-12-28,68.14,68.05
2019-12-29,67.98,68.02142857142857
2019-12-30,68.75,68.17142857142856
2019-12-31,69.34,68.40142857142858
2020-01-01,67.91,68.37428571428572
2020-01-02,67.77,68.31571428571428
2020-01-03,68.35,68.32000000000001
2020-01-04,69.19,68.47
2020-01-05,68.87,68.59714285714286
2020-01-06,69.7,68.73285714285714
2020-01-07,69.72,68.78714285714285
2020-01-08,69.65,69.03571428571429
2020-01-09,68.13,69.08714285714287
2020-01-10,68.75,69.14428571428572
2020-01-11,68.76,69.08285714285714
2020-01-12,68.18,68.98428571428572
2020-01-13,67.45,68.66285714285713
2020-01-14,68.32,68.46285714285715
2020-01-15,68.11,68.24285714285715
2020-01-16,67.57,68.16285714285713
2020-01-17,66.11,67.78571428571429
2020-01-18,69.06,67.82857142857144
2020-01-19,68.57,67.88428571428571
2020-01-20,68.65,68.05571428571429
2020-01-21,70.15,68.31714285714285
2020-01-22,70.39,68.64285714285714
2020-01-23,70.2,69.01857142857142
2020-01-24,70.21,69.60428571428571
2020-01-25,70.46,69.80428571428571
2020-01-26,69.69,69.96428571428571
2020-01-27,68.71,69.97285714285714
2020-01-28,67.29,69.56428571428572
2020-01-29,67.49,69.15
2020-01-30,67.81,68.80857142857143
2020-01-31,67.98,68.49
2020-02-01,68.81,68.25428571428571
2020-02-02,69.54,68.23285714285716
2020-02-03,69.63,68.36428571428571
2020-02-04,69.8,68.72285714285715
2020-02-05,70.0,69.08142857142857
2020-02-06,70.28,69.43428571428572
2020-02-07,70.45,69.78714285714287
2020-02-08,68.28,69.71142857142857
2020-02-09,67.8,69.46285714285715
2020-02-10,68.02,69.23285714285716
2020-02-11,67.2,68.86142857142856
2020-02-12,66.5,68.36142857142856
2020-02-13,66.04,67.75571428571429
2020-02-14,63.29,66.73285714285714
2020-02-15,64.17,66.14571428571429
2020-02-16,63.33,65.50714285714285
2020-02-17,62.28,64.68714285714286
2020-02-18,64.69,64.32857142857144
2020-02-19,64.06,63.98
2020-02-20,62.89,63.52999999999999
2020-02-21,64.6,63.71714285714285
2020-02-22,66.49,64.04857142857144
2020-02-23,65.12,64.30428571428571
2020-02-24,66.79,64.94857142857144
2020-02-25,67.26,65.3157142857143
2020-02-26,67.4,65.79285714285716
2020-02-27,67.43,66.44142857142857
2020-02-28,63.82,66.33000000000001
2020-02-29,63.15,65.85285714285715
2020-03-01,66.89,66.10571428571428
2020-03-02,68.54,66.35571428571428
2020-03-03,68.72,66.56428571428572
2020-03-04,69.01,66.79428571428572
2020-03-05,68.32,66.92142857142856
2020-03-06,68.89,67.64571428571428
2020-03-07,69.8,68.5957142857143
2020-03-08,70.19,69.06714285714285
2020-03-09,69.29,69.17428571428572
2020-03-10,68.96,69.20857142857143
2020-03-11,68.74,69.17
2020-03-12,68.83,69.24285714285715
2020-03-13,69.09,69.27142857142857
2020-03-14,68.09,69.02714285714286
2020-03-15,67.51,68.64428571428572
2020-03-16,67.82,68.43428571428572
2020-03-17,68.0,68.29714285714286
2020-03-18,67.46,68.11428571428571
2020-03-19,67.51,67.92571428571428
2020-03-20,67.38,67.68142857142857
2020-03-21,66.1,67.39714285714285
2020-03-22,67.02,67.32714285714285
2020-03-23,68.33,67.39999999999999
2020-03-24,67.32,67.30285714285714
2020-03-25,67.19,67.2642857142857
2020-03-26,67.62,67.28
2020-03-27,67.21,67.25571428571428
2020-03-28,66.41,67.3
2020-03-29,65.74,67.11714285714285
2020-03-30,66.03,66.78857142857143
2020-03-31,66.31,66.6442857142857
2020-04-01,67.25,66.65285714285714
2020-04-02,66.77,66.53142857142856
2020-04-03,68.65,66.73714285714286
2020-04-04,70.08,67.26142857142857
2020-04-05,69.97,67.86571428571428
2020-04-06,69.45,68.35428571428571
2020-04-07,69.18,68.76428571428572
2020-04-08,69.31,69.05857142857143
2020-04-09,69.09,69.39
2020-04-10,68.11,69.31285714285715
2020-04-11,67.2,68.90142857142857
2020-04-12,67.77,68.58714285714285
2020-04-13,68.14,68.39999999999999
2020-04-14,64.2,67.68857142857142
2020-04-15,62.9,66.77285714285713
2020-04-16,62.67,65.85571428571428
2020-04-17,63.03,65.13
2020-04-18,62.09,64.4
2020-04-19,63.84,63.83857142857145
2020-04-20,63.53,63.18
2020-04-21,63.91,63.13857142857142
2020-04-22,62.49,63.08000000000001
2020-04-23,61.61,62.92857142857143
2020-04-24,62.73,62.88571428571429
2020-04-25,62.62,62.96142857142858
2020-04-26,62.1,62.71285714285715
2020-04-27,62.07,62.50428571428571
2020-04-28,62.55,62.31
2020-04-29,63.04,62.38857142857143
2020-04-30,64.87,62.85428571428572
2020-05-01,62.14,62.77
2020-05-02,58.51,62.18285714285714
2020-05-03,54.61,61.11285714285714
2020-05-04,53.24,59.85142857142858
2020-05-05,51.72,58.30428571428571
2020-05-06,52.3,56.77
2020-05-07,54.55,55.29571428571429
2020-05-08,54.74,54.23857142857143
2020-05-09,48.99,52.87857142857143
2020-05-10,42.54,51.15428571428572
2020-05-11,40.5,49.33428571428572
2020-05-12,46.36,48.56857142857143
2020-05-13,55.78,49.06571428571429
2020-05-14,57.02,49.41857142857142
2020-05-15,59.33,50.07428571428571
2020-05-16,60.09,51.66
2020-05-17,63.06,54.59142857142858
2020-05-18,63.67,57.90142857142858
2020-05-19,65.42,60.62428571428571
2020-05-20,65.98,62.08142857142858
2020-05-21,65.51,63.29428571428572
2020-05-22,64.55,64.04
2020-05-23,64.16,64.62142857142858
2020-05-24,65.6,64.98428571428572
2020-05-25,66.04,65.32285714285715
2020-05-26,65.77,65.37285714285716
2020-05-27,65.67,65.32857142857144
2020-05-28,65.87,65.38
2020-05-29,65.93,65.57714285714286
2020-05-30,65.52,65.77142857142857
2020-05-31,65.67,65.78142857142858
2020-06-01,66.91,65.9057142857143
2020-06-02,67.07,66.09142857142858
2020-06-03,67.43,66.34285714285714
2020-06-04,67.36,66.55571428571429
2020-06-05,67.25,66.74428571428571
2020-06-06,67.05,66.96285714285715
2020-06-07,67.02,67.15571428571428
2020-06-08,67.11,67.18428571428572
2020-06-09,67.28,67.21428571428571
2020-06-10,67.5,67.22428571428573
2020-06-11,67.34,67.22142857142858
2020-06-12,66.48,67.11142857142859
2020-06-13,66.95,67.09714285714286
2020-06-14,67.68,67.19142857142857
2020-06-15,68.35,67.36857142857143
2020-06-16,68.62,67.55999999999999
2020-06-17,68.76,67.74
2020-06-18,68.92,67.9657142857143
2020-06-19,68.78,68.29428571428572
2020-06-20,68.64,68.53571428571429
2020-06-21,68.71,68.68285714285715
2020-06-22,68.85,68.75428571428571
2020-06-23,68.87,68.78999999999999
2020-06-24,69.02,68.82714285714285
2020-06-25,69.01,68.84
2020-06-26,69.23,68.9042857142857
2020-06-27,69.28,68.99571428571429
2020-06-28,69.44,69.1
2020-06-29,69.55,69.2
2020-06-30,69.62,69.30714285714285
2020-07-01,69.7,69.40428571428572
2020-07-02,69.64,69.49428571428571
2020-07-03,69.65,69.55428571428571
2020-07-04,70.08,69.66857142857143
2020-07-05,70.34,69.79714285714284
2020-07-06,70.15,69.88285714285713
2020-07-07,70.09,69.95
2020-07-08,70.12,70.01
2020-07-09,70.19,70.08857142857144
2020-07-10,70.01,70.14
2020-07-11,69.22,70.01714285714286
2020-07-12,68.86,69.80571428571429
2020-07-13,68.68,69.5957142857143
2020-07-14,68.7,69.39714285714285
2020-07-15,68.98,69.23428571428572
2020-07-16,69.27,69.10285714285715
2020-07-17,69.16,68.98142857142857
2020-07-18,68.91,68.93714285714285
2020-07-19,69.31,69.00142857142856
2020-07-20,69.49,69.11714285714285
2020-07-21,69.39,69.21571428571428
2020-07-22,69.55,69.29714285714286
2020-07-23,69.64,69.35
2020-07-24,69.53,69.40285714285713
2020-07-25,69.48,69.48428571428572
2020-07-26,69.44,69.50285714285715
2020-07-27,69.33,69.48
2020-07-28,,
2020-07-29,,
2020-07-30,,
2020-07-31,,
2020-08-01,,
2020-08-02,,
2020-08-03,,
2020-08-04,,
2020-08-05,,
2020-08-06,,
2020-08-07,,
2020-08-08,,
2020-08-09,,
2020-08-10,,
2020-08-11,,
2020-08-12,,
2020-08-13,,
2020-08-14,65.8,65.8
2020-08-15,66.94,66.37
2020-08-16,67.79,66.84333333333335
2020-08-17,68.2,67.1825
2020-08-18,67.87,67.32000000000001
2020-08-19,67.83,67.405
2020-08-20,68.01,67.49142857142857
2020-08-21,68.23,67.83857142857143
2020-08-22,68.03,67.99428571428572
2020-08-23,68.12,68.04142857142857
2020-08-24,68.08,68.02428571428571
2020-08-25,68.21,68.07285714285715
2020-08-26,68.4,68.1542857142857
2020-08-27,68.75,68.25999999999999
2020-08-28,68.74,68.33285714285715
2020-08-29,68.99,68.47
2020-08-30,68.67,68.54857142857144
2020-08-31,68.88,68.66285714285715
2020-09-01,69.08,68.78714285714285
2020-09-02,69.44,68.93571428571428
2020-09-03,69.52,69.04571428571428
2020-09-04,69.47,69.14999999999999
2020-09-05,69.5,69.22285714285714
2020-09-06,69.54,69.34714285714286
2020-09-07,69.6,69.45
2020-09-08,69.69,69.53714285714285
2020-09-09,69.81,69.59
2020-09-10,70.01,69.66
2020-09-11,69.98,69.73285714285716
2020-09-12,70.68,69.90142857142857
2020-09-13,70.79,70.08000000000001
2020-09-14,70.51,70.21000000000001
2020-09-15,70.76,70.36285714285715
2020-09-16,71.07,70.54285714285714
2020-09-17,71.11,70.7
2020-09-18,71.15,70.86714285714287
2020-09-19,71.57,70.99428571428571
2020-09-20,71.89,71.15142857142857
2020-09-21,72.18,71.39
2020-09-22,72.55,71.64571428571428
2020-09-23,72.82,71.89571428571428
2020-09-24,72.51,72.0957142857143
2020-09-25,72.51,72.28999999999999
2020-09-26,72.7,72.45142857142856
2020-09-27,72.94,72.60142857142857
2020-09-28,73.49,72.78857142857143
2020-09-29,73.18,72.87857142857142
2020-09-30,72.76,72.87
2020-10-01,72.15,72.81857142857143
2020-10-02,72.13,72.76428571428572
2020-10-03,72.04,72.67
2020-10-04,71.97,72.53142857142858
2020-10-05,72.11,72.33428571428571
2020-10-06,72.27,72.20428571428572
2020-10-07,72.38,72.14999999999999
2020-10-08,71.75,72.09285714285714
2020-10-09,72.25,72.11
2020-10-10,72.48,72.17285714285714
2020-10-11,72.32,72.22285714285714
2020-10-12,72.88,72.33285714285714
2020-10-13,73.08,72.44857142857143
2020-10-14,72.95,72.53
2020-10-15,72.94,72.7
2020-10-16,72.75,72.77142857142857
2020-10-17,72.76,72.81142857142856
2020-10-18,72.67,72.86142857142856
