ocean_time,s_rho,lon_rho,lat_rho,dist_mile,salt,abs_salt_diff_052
2019-01-01 00:00:00,-0.96875,-75.55654394899307,39.503452146066486,54.34823215943785,0.503431,0.016568959
2019-01-01 01:00:00,-0.96875,-75.55266705990525,39.510904329459024,54.838169876355856,0.5010367,0.018963277
2019-01-01 02:00:00,-0.96875,-75.55119997827249,39.518143956613955,55.34603843560572,0.5079433,0.012056708
2019-01-01 03:00:00,-0.96875,-75.54733638502073,39.52571983777987,55.84232958279782,0.545497,0.02549702
2019-01-01 04:00:00,-0.96875,-75.54758671306891,39.528056396460165,56.017743651463405,0.56983757,0.04983759
2019-01-01 05:00:00,-0.96875,-75.5468902376685,39.53285062675551,56.34976537100757,0.5231016,0.003101647
2019-01-01 06:00:00,-0.96875,-75.54501227629483,39.53770369233143,56.67875609538825,0.4926729,0.02732709
2019-01-01 07:00:00,-0.96875,-75.54501227629483,39.53770369233143,56.67875609538825,0.5237305,0.0037305355
2019-01-01 08:00:00,-0.96875,-75.54518457332304,39.54002065540174,56.83996200470469,0.47179773,0.048202246
2019-01-01 09:00:00,-0.96875,-75.54214915898628,39.544836892401534,57.1620450256648,0.52335966,0.0033596754
2019-01-01 10:00:00,-0.96875,-75.54021046589138,39.54948330203355,57.47658609565121,0.52850914,0.008509159
2019-01-01 11:00:00,-0.96875,-75.54152724400281,39.55616545438693,57.95805533630733,0.51429605,0.005703926
2019-01-01 12:00:00,-0.96875,-75.54372872550329,39.56060468734208,58.27272330966954,0.5195875,0.00041246414
2019-01-01 13:00:00,-0.96875,-75.5447937848836,39.562840340150665,58.44005593469792,0.5138329,0.006167054
2019-01-01 14:00:00,-0.96875,-75.54372872550329,39.56060468734208,58.27272330966954,0.53910434,0.019104362
2019-01-01 15:00:00,-0.96875,-75.54039141371236,39.55396275711659,57.81925031963709,0.5413849,0.021384895
2019-01-01 16:00:00,-0.96875,-75.54501227629483,39.53770369233143,56.67875609538825,0.5411871,0.021187127
2019-01-01 17:00:00,-0.96875,-75.55090146669895,39.51582669864942,55.17173954717649,0.45503396,0.06496602
2019-01-01 18:00:00,-0.96875,-75.56014818259959,39.494219056982175,53.722923813142586,0.8948823,0.37488234
2019-01-01 19:00:00,-0.96875,-75.56257879717236,39.48598606222611,53.143809330233445,0.40417987,0.11582011
2019-01-01 20:00:00,-0.96875,-75.56257879717236,39.48598606222611,53.143809330233445,0.7182145,0.19821453
2019-01-01 21:00:00,-0.96875,-75.5610641220656,39.49202096975267,53.5731792931669,0.79646516,0.27646518
2019-01-01 22:00:00,-0.96875,-75.55654394899307,39.503452146066486,54.34823215943785,0.6032773,0.083277345
2019-01-01 23:00:00,-0.96875,-75.54912663399548,39.52077636363599,55.50726534974365,0.5481588,0.028158844
2019-01-02 00:00:00,-0.96875,-75.54518457332304,39.54002065540174,56.83996200470469,0.6089566,0.088956594
2019-01-02 01:00:00,-0.96875,-75.54372872550329,39.56060468734208,58.27272330966954,0.52851427,0.008514285
2019-01-02 02:00:00,-0.96875,-75.54988125650517,39.571937139302605,59.11038129813908,0.44922242,0.070777565
2019-01-02 03:00:00,-0.96875,-75.54988125650517,39.571937139302605,59.11038129813908,0.50290173,0.017098248
2019-01-02 04:00:00,-0.96875,-75.54690967488298,39.565108505550555,58.59509620557732,0.45379376,0.06620622
2019-01-02 05:00:00,-0.96875,-75.54214915898628,39.544836892401534,57.1620450256648,0.5905045,0.070504546
2019-01-02 06:00:00,-0.96875,-75.55090146669895,39.51582669864942,55.17173954717649,0.53424424,0.014244258
2019-01-02 07:00:00,-0.96875,-75.56413901113912,39.48041963683643,52.750014670128905,0.5183069,0.0016930699
2019-01-02 08:00:00,-0.96875,-75.56173216025294,39.4643359531311,51.621508789874966,0.5028359,0.017164052
2019-01-02 09:00:00,-0.96875,-75.5641089667183,39.47406234915377,52.30346751928067,0.7400104,0.2200104
2019-01-02 10:00:00,-0.96875,-75.5610641220656,39.49202096975267,53.5731792931669,0.40959778,0.1104022
2019-01-02 11:00:00,-0.96875,-75.55090146669895,39.51582669864942,55.17173954717649,0.4472597,0.07274029
2019-01-02 12:00:00,-0.96875,-75.54310964252714,39.54248020272417,57.002727582366425,0.6556841,0.13568413
2019-01-02 13:00:00,-0.96875,-75.54999284992157,39.569699662156744,58.92593188694961,0.6493797,0.12937969
2019-01-02 14:00:00,-0.96875,-75.55941122839823,39.5863517454669,60.15200122875335,0.5500226,0.030022621
2019-01-02 15:00:00,-0.96875,-75.56307821206644,39.59146102315327,60.51655196380821,0.57937413,0.059374154
2019-01-02 16:00:00,-0.96875,-75.55753360991199,39.583846840144005,59.97409987883989,0.66605425,0.14605427
2019-01-02 17:00:00,-0.96875,-75.54372872550329,39.56060468734208,58.27272330966954,0.6534042,0.1334042
2019-01-02 18:00:00,-0.96875,-75.54518457332304,39.54002065540174,56.83996200470469,0.5210034,0.0010034442
2019-01-02 19:00:00,-0.96875,-75.55654394899307,39.503452146066486,54.34823215943785,0.5845302,0.064530194
2019-01-02 20:00:00,-0.96875,-75.56377739385314,39.472626577356486,52.205532730768965,0.5029465,0.017053485
2019-01-02 21:00:00,-0.96875,-75.56242807884175,39.467062522238116,51.81735734392735,0.5185447,0.001455307
2019-01-02 22:00:00,-0.96875,-75.56164478292999,39.488028196056334,53.2890283263766,0.48353714,0.036462843
2019-01-02 23:00:00,-0.96875,-75.55654394899307,39.503452146066486,54.34823215943785,0.49196336,0.028036624
2019-01-03 00:00:00,-0.96875,-75.5468902376685,39.53285062675551,56.34976537100757,0.48191264,0.03808734
2019-01-03 01:00:00,-0.96875,-75.54372872550329,39.56060468734208,58.27272330966954,0.4349287,0.085071295
2019-01-03 02:00:00,-0.96875,-75.55476963151925,39.57903464146615,59.6202698125947,0.47544482,0.044555157
2019-01-03 03:00:00,-0.96875,-75.56234068379523,39.58904749089606,60.331827281788975,0.5039356,0.016064405
2019-01-03 04:00:00,-0.96875,-75.56234068379523,39.58904749089606,60.331827281788975,0.4712451,0.04875487
2019-01-03 05:00:00,-0.96875,-75.54988125650517,39.571937139302605,59.11038129813908,0.6799421,0.15994209
2019-01-03 06:00:00,-0.96875,-75.54039141371236,39.55396275711659,57.81925031963709,0.4288142,0.09118578
2019-01-03 07:00:00,-0.96875,-75.54733638502073,39.52571983777987,55.84232958279782,0.5007528,0.019247174
2019-01-03 08:00:00,-0.96875,-75.56318531943133,39.48231858304697,52.88436482079461,0.50890476,0.011095226
2019-01-03 09:00:00,-0.96875,-75.56242807884175,39.467062522238116,51.81735734392735,0.48657614,0.03342384
2019-01-03 10:00:00,-0.96875,-75.56347542669609,39.47731404584592,52.52794983111889,0.51343393,0.0065660477
2019-01-03 11:00:00,-0.96875,-75.55833606397199,39.498754373308785,54.02989215368692,0.5560017,0.036001742
2019-01-03 12:00:00,-0.96875,-75.54758671306891,39.528056396460165,56.017743651463405,0.5436873,0.023687303
2019-01-03 13:00:00,-0.96875,-75.54039141371236,39.55396275711659,57.81925031963709,0.49099234,0.029007643
2019-01-03 14:00:00,-0.96875,-75.55670449282687,39.58148734184725,59.7929897575911,0.50134146,0.018658519
2019-01-03 15:00:00,-0.96875,-75.56594782200527,39.594253910573016,60.73585910333307,0.59570694,0.07570696
2019-01-03 16:00:00,-0.96875,-75.56770316135697,39.596906195786474,60.94659352112151,0.5162346,0.0037654042
2019-01-03 17:00:00,-0.96875,-75.55670449282687,39.58148734184725,59.7929897575911,0.540605,0.020605028
2019-01-03 18:00:00,-0.96875,-75.54263978202111,39.558379582615764,58.10659291844498,0.45481,0.06518999
2019-01-03 19:00:00,-0.96875,-75.54667083323301,39.530513673502796,56.18394976123079,0.48633114,0.033668846
2019-01-03 20:00:00,-0.96875,-75.56014818259959,39.494219056982175,53.722923813142586,0.509212,0.010787964
2019-01-03 21:00:00,-0.96875,-75.56208222806097,39.46569689292546,51.71976112094247,0.519955,4.5001507e-05
2019-01-03 22:00:00,-0.96875,-75.56277004863482,39.46843508885267,51.91448438901112,0.4015165,0.118483484
2019-01-03 23:00:00,-0.96875,-75.56071931627203,39.49012017521256,53.43769264150382,0.4962342,0.023765773
2019-01-04 00:00:00,-0.96875,-75.55654394899307,39.503452146066486,54.34823215943785,0.4952684,0.024731576
2019-01-04 01:00:00,-0.96875,-75.54667083323301,39.530513673502796,56.18394976123079,0.45160875,0.06839123
2019-01-04 02:00:00,-0.96875,-75.54118271286877,39.54717145539737,57.320520744560696,0.6308523,0.1108523
2019-01-04 03:00:00,-0.96875,-75.54988125650517,39.571937139302605,59.11038129813908,0.48431852,0.035681456
2019-01-04 04:00:00,-0.96875,-75.55280828835795,39.57661585798313,59.45087585903198,0.5173293,0.0026707053
2019-01-04 05:00:00,-0.96875,-75.54988125650517,39.571937139302605,59.11038129813908,0.56451315,0.044513166
2019-01-04 06:00:00,-0.96875,-75.54372872550329,39.56060468734208,58.27272330966954,0.5821397,0.06213969
2019-01-04 07:00:00,-0.96875,-75.54595432933559,39.535286030627844,56.515033912846405,0.4817175,0.038282484
2019-01-04 08:00:00,-0.96875,-75.56071931627203,39.49012017521256,53.43769264150382,0.5294111,0.009411097
2019-01-04 09:00:00,-0.96875,-75.56137762505978,39.462978018172244,51.522449969842064,0.52108926,0.0010892749
2019-01-04 10:00:00,-0.96875,-75.56208222806097,39.46569689292546,51.71976112094247,0.44873753,0.07126245
2019-01-04 11:00:00,-0.96875,-75.56413901113912,39.48041963683643,52.750014670128905,0.57422173,0.05422175
2019-01-04 12:00:00,-0.96875,-75.55654394899307,39.503452146066486,54.34823215943785,0.47807038,0.041929603
2019-01-04 13:00:00,-0.96875,-75.54595432933559,39.535286030627844,56.515033912846405,0.4739155,0.046084493
2019-01-04 14:00:00,-0.96875,-75.54690967488298,39.565108505550555,58.59509620557732,0.48104268,0.038957298
2019-01-04 15:00:00,-0.96875,-75.55941122839823,39.5863517454669,60.15200122875335,0.45103532,0.06896466
2019-01-04 16:00:00,-0.96875,-75.56594782200527,39.594253910573016,60.73585910333307,0.59851336,0.078513384
2019-01-04 17:00:00,-0.96875,-75.56307821206644,39.59146102315327,60.51655196380821,0.5970728,0.0770728
2019-01-04 18:00:00,-0.96875,-75.55082137484473,39.574231101847616,59.28463693121821,0.45266142,0.067338556
2019-01-04 19:00:00,-0.96875,-75.54021046589138,39.54948330203355,57.47658609565121,0.54497945,0.024979472
2019-01-04 20:00:00,-0.96875,-75.55266705990525,39.510904329459024,54.838169876355856,0.5190848,0.0009151697
2019-01-04 21:00:00,-0.96875,-75.56413901113912,39.48041963683643,52.750014670128905,0.54519224,0.02519226
2019-01-04 22:00:00,-0.96875,-75.5610184469298,39.461621877478535,51.422493392436365,0.49203634,0.027963638
2019-01-04 23:00:00,-0.96875,-75.56257879717236,39.48598606222611,53.143809330233445,0.5410212,0.021021247
2019-01-05 00:00:00,-0.96875,-75.56257879717236,39.48598606222611,53.143809330233445,0.5459752,0.025975227
2019-01-05 01:00:00,-0.96875,-75.55687920151024,39.50565548475636,54.50414360273734,0.5521694,0.0321694
2019-01-05 02:00:00,-0.96875,-75.54595432933559,39.535286030627844,56.515033912846405,0.47030455,0.049695432
2019-01-05 03:00:00,-0.96875,-75.540310167641,39.551726849174806,57.64581073313797,0.5011014,0.018898606
2019-01-05 04:00:00,-0.96875,-75.54988125650517,39.571937139302605,59.11038129813908,0.5386644,0.01866442
2019-01-05 05:00:00,-0.96875,-75.55280828835795,39.57661585798313,59.45087585903198,0.5079274,0.012072563
2019-01-05 06:00:00,-0.96875,-75.54999284992157,39.569699662156744,58.92593188694961,0.51382154,0.0061784387
2019-01-05 07:00:00,-0.96875,-75.54152724400281,39.55616545438693,57.95805533630733,0.5289174,0.008917391
2019-01-05 08:00:00,-0.96875,-75.54823375606975,39.52325073310537,55.67508981524701,0.4740661,0.045933872
2019-01-05 09:00:00,-0.96875,-75.5635214616766,39.48399246453662,53.00557393671902,0.5267646,0.0067645907
2019-01-05 10:00:00,-0.96875,-75.56208222806097,39.46569689292546,51.71976112094247,0.526831,0.0068309903
2019-01-05 11:00:00,-0.96875,-75.56310856521023,39.46981747379021,52.01136958358161,0.53562874,0.015628755
2019-01-05 12:00:00,-0.96875,-75.56071931627203,39.49012017521256,53.43769264150382,0.5206206,0.00062060356
2019-01-05 13:00:00,-0.96875,-75.55090146669895,39.51582669864942,55.17173954717649,0.530779,0.010779023
2019-01-05 14:00:00,-0.96875,-75.54214915898628,39.544836892401534,57.1620450256648,0.5332924,0.013292432
2019-01-05 15:00:00,-0.96875,-75.55082137484473,39.574231101847616,59.28463693121821,0.46799922,0.05200076
2019-01-05 16:00:00,-0.96875,-75.56307821206644,39.59146102315327,60.51655196380821,0.53638464,0.016384661
2019-01-05 17:00:00,-0.96875,-75.56770316135697,39.596906195786474,60.94659352112151,0.5647664,0.044766426
2019-01-05 18:00:00,-0.96875,-75.56234068379523,39.58904749089606,60.331827281788975,0.40436777,0.115632206
2019-01-05 19:00:00,-0.96875,-75.54690967488298,39.565108505550555,58.59509620557732,0.56942797,0.049427986
2019-01-05 20:00:00,-0.96875,-75.54310964252714,39.54248020272417,57.002727582366425,0.46038693,0.05961305
2019-01-05 21:00:00,-0.96875,-75.55654394899307,39.503452146066486,54.34823215943785,0.5212062,0.0012062192
2019-01-05 22:00:00,-0.96875,-75.56344414709491,39.47121322985658,52.108282295012685,0.5271852,0.0071852207
2019-01-05 23:00:00,-0.96875,-75.56028575269616,39.45891193759294,51.222227701566005,0.5191654,0.00083458424
2019-01-06 00:00:00,-0.96875,-75.56318531943133,39.48231858304697,52.88436482079461,0.46427858,0.055721402
2019-01-06 01:00:00,-0.96875,-75.56318531943133,39.48231858304697,52.88436482079461,0.52038264,0.00038266182
2019-01-06 02:00:00,-0.96875,-75.55833606397199,39.498754373308785,54.02989215368692,0.5504591,0.030459106
2019-01-06 03:00:00,-0.96875,-75.54912663399548,39.52077636363599,55.50726534974365,0.52847403,0.008474052
2019-01-06 04:00:00,-0.96875,-75.54501227629483,39.53770369233143,56.67875609538825,0.457763,0.062236995
2019-01-06 05:00:00,-0.96875,-75.54310964252714,39.54248020272417,57.002727582366425,0.52849966,0.008499682
2019-01-06 06:00:00,-0.96875,-75.54021046589138,39.54948330203355,57.47658609565121,0.5418635,0.02186352
2019-01-06 07:00:00,-0.96875,-75.54501227629483,39.53770369233143,56.67875609538825,0.5010136,0.018986404
2019-01-06 08:00:00,-0.96875,-75.55354875442319,39.508465245697884,54.672748309518255,0.5663957,0.04639572
2019-01-06 09:00:00,-0.96875,-75.56347542669609,39.47731404584592,52.52794983111889,0.497373,0.022626966
2019-01-06 10:00:00,-0.96875,-75.55537100625332,39.451551060571845,50.61086271199608,0.5307547,0.0107547045
2019-01-06 11:00:00,-0.96875,-75.55746043032178,39.45386798616897,50.815797344669534,0.5201058,0.000105798244
2019-01-06 12:00:00,-0.96875,-75.56028575269616,39.45891193759294,51.222227701566005,0.5206586,0.0006586313
2019-01-06 13:00:00,-0.96875,-75.56347542669609,39.47731404584592,52.52794983111889,0.516908,0.003091991
2019-01-06 14:00:00,-0.96875,-75.55266705990525,39.510904329459024,54.838169876355856,0.5210609,0.0010609031
2019-01-06 15:00:00,-0.96875,-75.54214915898628,39.544836892401534,57.1620450256648,0.5012582,0.018741786
2019-01-06 16:00:00,-0.96875,-75.54999284992157,39.569699662156744,58.92593188694961,0.52347386,0.003473878
2019-01-06 17:00:00,-0.96875,-75.55670449282687,39.58148734184725,59.7929897575911,0.54497176,0.024971783
2019-01-06 18:00:00,-0.96875,-75.55670449282687,39.58148734184725,59.7929897575911,0.53760487,0.017604887
2019-01-06 19:00:00,-0.96875,-75.54999284992157,39.569699662156744,58.92593188694961,0.53087586,0.010875881
2019-01-06 20:00:00,-0.96875,-75.5468902376685,39.53285062675551,56.34976537100757,0.50015545,0.019844532
2019-01-06 21:00:00,-0.96875,-75.55743803262969,39.50108502540483,54.187632164968974,0.49043518,0.029564798
2019-01-06 22:00:00,-0.96875,-75.56310856521023,39.46981747379021,52.01136958358161,0.53650296,0.016502976
2019-01-06 23:00:00,-0.96875,-75.55953365887385,39.456202447538104,51.02154541656383,0.5154321,0.0045678616
2019-01-07 00:00:00,-0.96875,-75.56065451170278,39.460266699046144,51.32240201452099,0.51698583,0.0030141473
2019-01-07 01:00:00,-0.96875,-75.56028575269616,39.45891193759294,51.222227701566005,0.51062125,0.009378731
2019-01-07 02:00:00,-0.96875,-75.56377739385314,39.472626577356486,52.205532730768965,0.5422177,0.022217691
2019-01-07 03:00:00,-0.96875,-75.56014818259959,39.494219056982175,53.722923813142586,0.5019647,0.018035293
2019-01-07 04:00:00,-0.96875,-75.55418903906846,39.51301582966985,55.00293073423891,0.47738948,0.042610496
2019-01-07 05:00:00,-0.96875,-75.54733638502073,39.52571983777987,55.84232958279782,0.52624094,0.006240964
2019-01-07 06:00:00,-0.96875,-75.5468902376685,39.53285062675551,56.34976537100757,0.51203775,0.007962227
2019-01-07 07:00:00,-0.96875,-75.54758671306891,39.528056396460165,56.017743651463405,0.52039325,0.00039327145
2019-01-07 08:00:00,-0.96875,-75.55354875442319,39.508465245697884,54.672748309518255,0.5172414,0.0027585626
2019-01-07 09:00:00,-0.96875,-75.56277004863482,39.46843508885267,51.91448438901112,0.5347786,0.014778614
2019-01-07 10:00:00,-0.96875,-75.54385488072835,39.44197580718704,49.69872152225512,0.59180504,0.07180506
2019-01-07 11:00:00,-0.96875,-75.52932704369148,39.42942059099923,48.51441329507831,0.5577373,0.03773731
2019-01-07 12:00:00,-0.96875,-75.53108091371777,39.430242207230954,48.61419468418312,0.40110675,0.118893236
2019-01-07 13:00:00,-0.96875,-75.54340727592947,39.44065147322987,49.60488048917211,0.43743563,0.082564354
2019-01-07 14:00:00,-0.96875,-75.55953365887385,39.456202447538104,51.02154541656383,0.53359866,0.0135986805
2019-01-07 15:00:00,-0.96875,-75.56257879717236,39.48598606222611,53.143809330233445,0.47344455,0.04655543
2019-01-07 16:00:00,-0.96875,-75.55266705990525,39.510904329459024,54.838169876355856,0.5605934,0.040593445
2019-01-07 17:00:00,-0.96875,-75.54595432933559,39.535286030627844,56.515033912846405,0.48944625,0.030553728
2019-01-07 18:00:00,-0.96875,-75.54310964252714,39.54248020272417,57.002727582366425,0.52223873,0.0022387505
2019-01-07 19:00:00,-0.96875,-75.54310964252714,39.54248020272417,57.002727582366425,0.5534952,0.033495247
2019-01-07 20:00:00,-0.96875,-75.54667083323301,39.530513673502796,56.18394976123079,0.525658,0.0056580305
2019-01-07 21:00:00,-0.96875,-75.55743803262969,39.50108502540483,54.187632164968974,0.5033613,0.016638696
2019-01-07 22:00:00,-0.96875,-75.56344414709491,39.47121322985658,52.108282295012685,0.50742215,0.012577832
2019-01-07 23:00:00,-0.96875,-75.54857388502312,39.4433661931989,49.92830616035023,0.5013295,0.0186705
2019-01-08 00:00:00,-0.96875,-75.53108091371777,39.430242207230954,48.61419468418312,0.5420805,0.02208054
2019-01-08 01:00:00,-0.96875,-75.53283316443756,39.4310722187133,48.71885369645049,0.5096375,0.010362506
2019-01-08 02:00:00,-0.96875,-75.55455978343838,39.4488563911988,50.43360357419025,0.51573634,0.0042636395
2019-01-08 03:00:00,-0.96875,-75.56065451170278,39.460266699046144,51.32240201452099,0.52752393,0.007523954
2019-01-08 04:00:00,-0.96875,-75.56257879717236,39.48598606222611,53.143809330233445,0.5400432,0.020043194
2019-01-08 05:00:00,-0.96875,-75.55354875442319,39.508465245697884,54.672748309518255,0.56198114,0.04198116
2019-01-08 06:00:00,-0.96875,-75.54733638502073,39.52571983777987,55.84232958279782,0.55061,0.030610025
2019-01-08 07:00:00,-0.96875,-75.54758671306891,39.528056396460165,56.017743651463405,0.5437615,0.02376151
2019-01-08 08:00:00,-0.96875,-75.55119997827249,39.518143956613955,55.34603843560572,0.58078074,0.060780764
2019-01-08 09:00:00,-0.96875,-75.55743803262969,39.50108502540483,54.187632164968974,0.4887555,0.031244487
2019-01-08 10:00:00,-0.96875,-75.5641089667183,39.47406234915377,52.30346751928067,0.5501523,0.03015232
2019-01-08 11:00:00,-0.96875,-75.55455978343838,39.4488563911988,50.43360357419025,0.51545537,0.0045446157
2019-01-08 12:00:00,-0.96875,-75.53776148567484,39.43670152729314,49.201420556394496,0.53690183,0.01690185
2019-01-08 13:00:00,-0.96875,-75.54122530652359,39.43844298091531,49.40914179263476,0.48369357,0.03630641
2019-01-08 14:00:00,-0.96875,-75.55455978343838,39.4488563911988,50.43360357419025,0.47381127,0.046188712
2019-01-08 15:00:00,-0.96875,-75.56377739385314,39.472626577356486,52.205532730768965,0.5954372,0.07543725
2019-01-08 16:00:00,-0.96875,-75.55743803262969,39.50108502540483,54.187632164968974,0.46003252,0.05996746
2019-01-08 17:00:00,-0.96875,-75.54733638502073,39.52571983777987,55.84232958279782,0.5428627,0.022862732
2019-01-08 18:00:00,-0.96875,-75.540310167641,39.551726849174806,57.64581073313797,0.46735588,0.052644104
2019-01-08 19:00:00,-0.96875,-75.540310167641,39.551726849174806,57.64581073313797,0.5415727,0.02157271
2019-01-08 20:00:00,-0.96875,-75.54118271286877,39.54717145539737,57.320520744560696,0.48808745,0.031912535
2019-01-08 21:00:00,-0.96875,-75.54758671306891,39.528056396460165,56.017743651463405,0.57641345,0.05641347
2019-01-08 22:00:00,-0.96875,-75.55743803262969,39.50108502540483,54.187632164968974,0.42851004,0.09148994
2019-01-08 23:00:00,-0.96875,-75.56377739385314,39.472626577356486,52.205532730768965,0.5556206,0.03562063
2019-01-09 00:00:00,-0.96875,-75.55537100625332,39.451551060571845,50.61086271199608,0.5185083,0.0014916658
2019-01-09 01:00:00,-0.96875,-75.54685293732976,39.44245253001755,49.82005501698974,0.51331997,0.0066800117
2019-01-09 02:00:00,-0.96875,-75.55114390399606,39.44696848219029,50.21460680684148,0.5193666,0.00063335896
2019-01-09 03:00:00,-0.96875,-75.5610184469298,39.461621877478535,51.422493392436365,0.5158796,0.0041204095
2019-01-09 04:00:00,-0.96875,-75.56164478292999,39.488028196056334,53.2890283263766,0.5260013,0.0060012937
2019-01-09 05:00:00,-0.96875,-75.55090146669895,39.51582669864942,55.17173954717649,0.5195582,0.00044178963
2019-01-09 06:00:00,-0.96875,-75.54518457332304,39.54002065540174,56.83996200470469,0.54754597,0.027545989
2019-01-09 07:00:00,-0.96875,-75.54310964252714,39.54248020272417,57.002727582366425,0.48865038,0.0313496
2019-01-09 08:00:00,-0.96875,-75.54214915898628,39.544836892401534,57.1620450256648,0.49928564,0.020714343
2019-01-09 09:00:00,-0.96875,-75.54733638502073,39.52571983777987,55.84232958279782,0.5673547,0.0473547
2019-01-09 10:00:00,-0.96875,-75.56014818259959,39.494219056982175,53.722923813142586,0.49961123,0.020388752
2019-01-09 11:00:00,-0.96875,-75.56173216025294,39.4643359531311,51.621508789874966,0.5228814,0.0028814077
2019-01-09 12:00:00,-0.96875,-75.55285240143348,39.44790794072101,50.32387592325553,0.5226092,0.0026091933
2019-01-09 13:00:00,-0.96875,-75.537289768661,39.435387448113445,49.10776031929481,0.52594066,0.0059406757
2019-01-09 14:00:00,-0.96875,-75.54168247739835,39.439764006650755,49.49795113864064,0.5334031,0.013403118
2019-01-09 15:00:00,-0.96875,-75.55706709951872,39.452516969936404,50.721066342288026,0.5297153,0.009715319
2019-01-09 16:00:00,-0.96875,-75.5641089667183,39.47406234915377,52.30346751928067,0.5035836,0.01641637
2019-01-09 17:00:00,-0.96875,-75.55833606397199,39.498754373308785,54.02989215368692,0.5128358,0.0071641803
2019-01-09 18:00:00,-0.96875,-75.55119997827249,39.518143956613955,55.34603843560572,0.5440368,0.024036825
2019-01-09 19:00:00,-0.96875,-75.54667083323301,39.530513673502796,56.18394976123079,0.48255542,0.03744456
2019-01-09 20:00:00,-0.96875,-75.54733638502073,39.52571983777987,55.84232958279782,0.53163505,0.011635065
2019-01-09 21:00:00,-0.96875,-75.55090146669895,39.51582669864942,55.17173954717649,0.5263633,0.0063633323
2019-01-09 22:00:00,-0.96875,-75.55923911856912,39.49646449073345,53.87482877660422,0.45696494,0.06303504
2019-01-09 23:00:00,-0.96875,-75.56242807884175,39.467062522238116,51.81735734392735,0.52298373,0.002983749
2019-01-10 00:00:00,-0.96875,-75.54685293732976,39.44245253001755,49.82005501698974,0.5342114,0.014211416
2019-01-10 01:00:00,-0.96875,-75.5288219385791,39.428119015458165,48.42063167001794,0.5028977,0.017102301
2019-01-10 02:00:00,-0.96875,-75.52248133340112,39.42313013747995,47.93135688037479,0.5363045,0.016304493
2019-01-10 03:00:00,-0.96875,-75.5355506563484,39.43453326952967,49.00266698751968,0.50775945,0.012240529
2019-01-10 04:00:00,-0.96875,-75.55072108853952,39.44562878483569,50.12589452844867,0.5134194,0.006580591
2019-01-10 05:00:00,-0.96875,-75.56137762505978,39.462978018172244,51.522449969842064,0.5294225,0.009422541
2019-01-10 06:00:00,-0.96875,-75.5635214616766,39.48399246453662,53.00557393671902,0.47871697,0.04128301
2019-01-10 07:00:00,-0.96875,-75.55923911856912,39.49646449073345,53.87482877660422,0.44205707,0.07794291
2019-01-10 08:00:00,-0.96875,-75.55923911856912,39.49646449073345,53.87482877660422,0.57190126,0.05190128
2019-01-10 09:00:00,-0.96875,-75.5610641220656,39.49202096975267,53.5731792931669,0.4435814,0.07641858
2019-01-10 10:00:00,-0.96875,-75.5641089667183,39.47406234915377,52.30346751928067,0.5699822,0.04998219
2019-01-10 11:00:00,-0.96875,-75.56065451170278,39.460266699046144,51.32240201452099,1.0737623,0.5537623
2019-01-10 12:00:00,-0.96875,-75.54685293732976,39.44245253001755,49.82005501698974,0.5956433,0.0756433
2019-01-10 13:00:00,-0.96875,-75.533323806798,39.4323802280998,48.80804693929143,0.5700113,0.050011337
2019-01-10 14:00:00,-0.96875,-75.533323806798,39.4323802280998,48.80804693929143,0.65650725,0.13650727
2019-01-10 15:00:00,-0.96875,-75.54385488072835,39.44197580718704,49.69872152225512,0.4938704,0.026129574
2019-01-10 16:00:00,-0.96875,-75.55953365887385,39.456202447538104,51.02154541656383,0.58975554,0.069755554
2019-01-10 17:00:00,-0.96875,-75.56413901113912,39.48041963683643,52.750014670128905,0.62678164,0.10678166
2019-01-10 18:00:00,-0.96875,-75.55654394899307,39.503452146066486,54.34823215943785,0.6439418,0.12394184
2019-01-10 19:00:00,-0.96875,-75.54733638502073,39.52571983777987,55.84232958279782,0.42893037,0.09106961
2019-01-10 20:00:00,-0.96875,-75.5468902376685,39.53285062675551,56.34976537100757,0.61104226,0.09104228
2019-01-10 21:00:00,-0.96875,-75.54501227629483,39.53770369233143,56.67875609538825,0.4458717,0.07412827
2019-01-10 22:00:00,-0.96875,-75.54758671306891,39.528056396460165,56.017743651463405,0.41506216,0.10493782
2019-01-10 23:00:00,-0.96875,-75.55687920151024,39.50565548475636,54.50414360273734,0.42862245,0.09137753
2019-01-11 00:00:00,-0.96875,-75.56318531943133,39.48231858304697,52.88436482079461,0.62202513,0.10202515
2019-01-11 01:00:00,-0.96875,-75.5591503228525,39.45484740912664,50.92101645190388,0.4068755,0.11312449
2019-01-11 02:00:00,-0.96875,-75.55285240143348,39.44790794072101,50.32387592325553,0.54426354,0.02426356
2019-01-11 03:00:00,-0.96875,-75.5591503228525,39.45484740912664,50.92101645190388,1.1703,0.6503
2019-01-11 04:00:00,-0.96875,-75.5641089667183,39.47406234915377,52.30346751928067,0.8423552,0.3223552
2019-01-11 05:00:00,-0.96875,-75.55923911856912,39.49646449073345,53.87482877660422,0.6209918,0.100991845
2019-01-11 06:00:00,-0.96875,-75.54912663399548,39.52077636363599,55.50726534974365,0.6121877,0.0921877
2019-01-11 07:00:00,-0.96875,-75.54310964252714,39.54248020272417,57.002727582366425,0.5339036,0.013903618
2019-01-11 08:00:00,-0.96875,-75.5447937848836,39.562840340150665,58.44005593469792,0.49832648,0.0216735
2019-01-11 09:00:00,-0.96875,-75.54792515211483,39.567375451814144,58.76574189438813,0.5059798,0.014020205
2019-01-11 10:00:00,-0.96875,-75.5447937848836,39.562840340150665,58.44005593469792,0.4784712,0.04152879
2019-01-11 11:00:00,-0.96875,-75.54021046589138,39.54948330203355,57.47658609565121,0.55555606,0.035556078
2019-01-11 12:00:00,-0.96875,-75.54758671306891,39.528056396460165,56.017743651463405,0.49170187,0.02829811
2019-01-11 13:00:00,-0.96875,-75.55743803262969,39.50108502540483,54.187632164968974,0.4657589,0.05424109
2019-01-11 14:00:00,-0.96875,-75.56318531943133,39.48231858304697,52.88436482079461,0.50582325,0.014176726
2019-01-11 15:00:00,-0.96875,-75.56257879717236,39.48598606222611,53.143809330233445,0.5569049,0.03690493
2019-01-11 16:00:00,-0.96875,-75.55743803262969,39.50108502540483,54.187632164968974,0.5818479,0.061847925
2019-01-11 17:00:00,-0.96875,-75.54823375606975,39.52325073310537,55.67508981524701,0.6007458,0.080745816
2019-01-11 18:00:00,-0.96875,-75.54118271286877,39.54717145539737,57.320520744560696,0.43597028,0.084029704
2019-01-11 19:00:00,-0.96875,-75.55476963151925,39.57903464146615,59.6202698125947,0.5041135,0.015886486
2019-01-11 20:00:00,-0.96875,-75.56942489783245,39.59959073080374,61.161766880390175,0.4686145,0.051385492
2019-01-11 21:00:00,-0.96875,-75.57329788212712,39.607562732460394,61.787271808489855,0.5482385,0.028238535
2019-01-11 22:00:00,-0.96875,-75.57168232907816,39.604800822163405,61.566619941627806,0.51343894,0.006561041
2019-01-11 23:00:00,-0.96875,-75.55280828835795,39.57661585798313,59.45087585903198,0.5096921,0.010307908
2019-01-12 00:00:00,-0.96875,-75.54152724400281,39.55616545438693,57.95805533630733,0.49017876,0.029821217
2019-01-12 01:00:00,-0.96875,-75.54501227629483,39.53770369233143,56.67875609538825,0.48084697,0.03915301
2019-01-12 02:00:00,-0.96875,-75.55418903906846,39.51301582966985,55.00293073423891,0.674061,0.15406102
2019-01-12 03:00:00,-0.96875,-75.55654394899307,39.503452146066486,54.34823215943785,0.54048437,0.020484388
2019-01-12 04:00:00,-0.96875,-75.55418903906846,39.51301582966985,55.00293073423891,0.908106,0.38810605
2019-01-12 05:00:00,-0.96875,-75.5468902376685,39.53285062675551,56.34976537100757,0.5997967,0.07979673
2019-01-12 06:00:00,-0.96875,-75.54039141371236,39.55396275711659,57.81925031963709,0.47549647,0.04450351
2019-01-12 07:00:00,-0.96875,-75.55670449282687,39.58148734184725,59.7929897575911,0.4874971,0.03250289
2019-01-12 08:00:00,-0.96875,-75.57168232907816,39.604800822163405,61.566619941627806,0.47168356,0.04831642
2019-01-12 09:00:00,-0.96875,-75.57937146850549,39.61890468199655,62.67703924781394,0.53621584,0.01621586
2019-01-12 10:00:00,-0.96875,-75.5807869672382,39.62181004146802,62.87731296868547,0.53868866,0.018688679
2019-01-12 11:00:00,-0.96875,-75.56307821206644,39.59146102315327,60.51655196380821,0.534696,0.014696002
2019-01-12 12:00:00,-0.96875,-75.54999284992157,39.569699662156744,58.92593188694961,0.49567175,0.024328232
2019-01-12 13:00:00,-0.96875,-75.54039141371236,39.55396275711659,57.81925031963709,0.52579105,0.005791068
2019-01-12 14:00:00,-0.96875,-75.5468902376685,39.53285062675551,56.34976537100757,0.4502011,0.06979889
2019-01-12 15:00:00,-0.96875,-75.55090146669895,39.51582669864942,55.17173954717649,0.45536995,0.06463003
2019-01-12 16:00:00,-0.96875,-75.55119997827249,39.518143956613955,55.34603843560572,0.9761901,0.4561901
2019-01-12 17:00:00,-0.96875,-75.54595432933559,39.535286030627844,56.515033912846405,0.7111011,0.19110113
2019-01-12 18:00:00,-0.96875,-75.54263978202111,39.558379582615764,58.10659291844498,0.52538943,0.005389452
2019-01-12 19:00:00,-0.96875,-75.55670449282687,39.58148734184725,59.7929897575911,0.57275593,0.052755952
2019-01-12 20:00:00,-0.96875,-75.57329788212712,39.607562732460394,61.787271808489855,0.50887877,0.011121213
2019-01-12 21:00:00,-0.96875,-75.57646303481057,39.62761192184965,63.3572474323587,0.53818977,0.018189788
2019-01-12 22:00:00,-0.96875,-75.57216029722703,39.63316487079092,63.82186536860977,0.547502,0.027502
2019-01-12 23:00:00,-0.96875,-75.57899368340007,39.62365384361046,63.027274670158505,0.44619626,0.07380372
2019-01-13 00:00:00,-0.96875,-75.55941122839823,39.5863517454669,60.15200122875335,0.53439975,0.014399767
2019-01-13 01:00:00,-0.96875,-75.54690967488298,39.565108505550555,58.59509620557732,0.49028754,0.029712439
2019-01-13 02:00:00,-0.96875,-75.54518457332304,39.54002065540174,56.83996200470469,0.47970358,0.040296406
2019-01-13 03:00:00,-0.96875,-75.55090146669895,39.51582669864942,55.17173954717649,0.49984136,0.020158619
2019-01-13 04:00:00,-0.96875,-75.54118271286877,39.54717145539737,57.320520744560696,0.5069744,0.013025582
2019-01-13 05:00:00,-0.96875,-75.55119997827249,39.518143956613955,55.34603843560572,0.8118166,0.2918166
2019-01-13 06:00:00,-0.96875,-75.54518457332304,39.54002065540174,56.83996200470469,0.47057772,0.049422264
2019-01-13 07:00:00,-0.96875,-75.5447937848836,39.562840340150665,58.44005593469792,0.5119383,0.008061707
2019-01-13 08:00:00,-0.96875,-75.55941122839823,39.5863517454669,60.15200122875335,0.5071599,0.012840092
2019-01-13 09:00:00,-0.96875,-75.57329788212712,39.607562732460394,61.787271808489855,0.559626,0.039626002
2019-01-13 10:00:00,-0.96875,-75.57899368340007,39.62365384361046,63.027274670158505,0.51912034,0.00087964535
2019-01-13 11:00:00,-0.96875,-75.57899368340007,39.62365384361046,63.027274670158505,0.5289497,0.008949697
2019-01-13 12:00:00,-0.96875,-75.57168232907816,39.604800822163405,61.566619941627806,0.49408284,0.025917143
2019-01-13 13:00:00,-0.96875,-75.54988125650517,39.571937139302605,59.11038129813908,0.52752995,0.007529974
2019-01-13 14:00:00,-0.96875,-75.54152724400281,39.55616545438693,57.95805533630733,0.4667263,0.053273678
2019-01-13 15:00:00,-0.96875,-75.54118271286877,39.54717145539737,57.320520744560696,0.5288859,0.00888592
2019-01-13 16:00:00,-0.96875,-75.54118271286877,39.54717145539737,57.320520744560696,0.51941985,0.000580132
2019-01-13 17:00:00,-0.96875,-75.54823375606975,39.52325073310537,55.67508981524701,0.5085873,0.01141268
2019-01-13 18:00:00,-0.96875,-75.54310964252714,39.54248020272417,57.002727582366425,0.45361212,0.06638786
2019-01-13 19:00:00,-0.96875,-75.54690967488298,39.565108505550555,58.59509620557732,0.53861034,0.018610358
2019-01-13 20:00:00,-0.96875,-75.56234068379523,39.58904749089606,60.331827281788975,0.53731513,0.01731515
2019-01-13 21:00:00,-0.96875,-75.57898632668137,39.616347872761594,62.48535636878501,0.5320526,0.012052596
2019-01-13 22:00:00,-0.96875,-75.56866468257283,39.63648631066606,64.12948990277069,0.5198168,0.00018316507
2019-01-13 23:00:00,-0.96875,-75.56090029139487,39.64245452724118,64.73790385959292,0.5066931,0.013306856
2019-01-14 00:00:00,-0.96875,-75.56693462306875,39.638107860905514,64.28054835366164,0.5408423,0.020842314
2019-01-14 01:00:00,-0.96875,-75.57749006877937,39.61348060521014,62.25992031865438,0.50333506,0.016664922
2019-01-14 02:00:00,-0.96875,-75.55670449282687,39.58148734184725,59.7929897575911,0.50538814,0.01461184
2019-01-14 03:00:00,-0.96875,-75.54372872550329,39.56060468734208,58.27272330966954,0.49658665,0.02341333
2019-01-14 04:00:00,-0.96875,-75.54039141371236,39.55396275711659,57.81925031963709,0.6752044,0.15520442
2019-01-14 05:00:00,-0.96875,-75.54118271286877,39.54717145539737,57.320520744560696,0.75240284,0.23240286
2019-01-14 06:00:00,-0.96875,-75.54039141371236,39.55396275711659,57.81925031963709,0.7097345,0.18973452
2019-01-14 07:00:00,-0.96875,-75.55670449282687,39.58148734184725,59.7929897575911,0.4396699,0.080330074
2019-01-14 08:00:00,-0.96875,-75.57111192130861,39.60230709786485,61.37851185397352,0.52488434,0.004884362
2019-01-14 09:00:00,-0.96875,-75.57392564974643,39.63146370746974,63.66883634050355,0.5041923,0.015807688
2019-01-14 10:00:00,-0.96875,-75.55667903765479,39.64511660701493,65.02990980180394,0.5245013,0.004501343
2019-01-14 11:00:00,-0.96875,-75.5486147825033,39.6523015468185,65.72036373297821,0.51409626,0.005903721
2019-01-14 12:00:00,-0.96875,-75.55020437066935,39.65090607345622,65.58598961587342,0.5327248,0.012724817
2019-01-14 13:00:00,-0.96875,-75.56866468257283,39.63648631066606,64.12948990277069,0.51664925,0.0033507347
2019-01-14 14:00:00,-0.96875,-75.57168232907816,39.604800822163405,61.566619941627806,0.5307432,0.010743201
2019-01-14 15:00:00,-0.96875,-75.55082137484473,39.574231101847616,59.28463693121821,0.5156732,0.004326761
2019-01-14 16:00:00,-0.96875,-75.54152724400281,39.55616545438693,57.95805533630733,0.50393677,0.016063213
2019-01-14 17:00:00,-0.96875,-75.54021046589138,39.54948330203355,57.47658609565121,1.0124247,0.49242473
2019-01-14 18:00:00,-0.96875,-75.54021046589138,39.54948330203355,57.47658609565121,0.8186845,0.29868454
2019-01-14 19:00:00,-0.96875,-75.55082137484473,39.574231101847616,59.28463693121821,0.5761112,0.056111217
2019-01-14 20:00:00,-0.96875,-75.56307821206644,39.59146102315327,60.51655196380821,0.53377354,0.0137735605
2019-01-14 21:00:00,-0.96875,-75.57937146850549,39.61890468199655,62.67703924781394,0.5394977,0.019497693
2019-01-14 22:00:00,-0.96875,-75.56090029139487,39.64245452724118,64.73790385959292,0.49172127,0.028278708
2019-01-14 23:00:00,-0.96875,-75.5486147825033,39.6523015468185,65.72036373297821,0.5231908,0.0031908154
2019-01-15 00:00:00,-0.96875,-75.54391523060951,39.65637082508389,66.11299290543913,0.5051832,0.014816761
2019-01-15 01:00:00,-0.96875,-75.55341839686443,39.64805381759573,65.31173398557773,0.5198189,0.00018107891
2019-01-15 02:00:00,-0.96875,-75.5807869672382,39.62181004146802,62.87731296868547,0.5126714,0.00732857
2019-01-15 03:00:00,-0.96875,-75.56307821206644,39.59146102315327,60.51655196380821,0.51318634,0.0068136454
2019-01-15 04:00:00,-0.96875,-75.5447937848836,39.562840340150665,58.44005593469792,0.50832516,0.011674821
2019-01-15 05:00:00,-0.96875,-75.54039141371236,39.55396275711659,57.81925031963709,0.78462726,0.26462728
2019-01-15 06:00:00,-0.96875,-75.54263978202111,39.558379582615764,58.10659291844498,0.43733135,0.08266863
2019-01-15 07:00:00,-0.96875,-75.54792515211483,39.567375451814144,58.76574189438813,0.55326927,0.033269286
2019-01-15 08:00:00,-0.96875,-75.55753360991199,39.583846840144005,59.97409987883989,0.50831664,0.011683345
2019-01-15 09:00:00,-0.96875,-75.57329788212712,39.607562732460394,61.787271808489855,0.5605902,0.040590227
2019-01-15 10:00:00,-0.96875,-75.56866468257283,39.63648631066606,64.12948990277069,0.54012233,0.02012235
2019-01-15 11:00:00,-0.96875,-75.5486147825033,39.6523015468185,65.72036373297821,0.5086292,0.011370778
2019-01-15 12:00:00,-0.96875,-75.53703548022716,39.661189511304215,66.59434932574396,0.52753574,0.0075357556
2019-01-15 13:00:00,-0.96875,-75.53703548022716,39.661189511304215,66.59434932574396,0.5087599,0.011240065
2019-01-15 14:00:00,-0.96875,-75.55832686247035,39.64361488754642,64.88623232485122,0.5075118,0.012488186
2019-01-15 15:00:00,-0.96875,-75.57937146850549,39.61890468199655,62.67703924781394,0.5282028,0.008202791
2019-01-15 16:00:00,-0.96875,-75.55941122839823,39.5863517454669,60.15200122875335,0.53509796,0.015097976
2019-01-15 17:00:00,-0.96875,-75.54263978202111,39.558379582615764,58.10659291844498,0.53144854,0.011448562
2019-01-15 18:00:00,-0.96875,-75.54039141371236,39.55396275711659,57.81925031963709,1.0341182,0.5141182
2019-01-15 19:00:00,-0.96875,-75.54118271286877,39.54717145539737,57.320520744560696,0.7791904,0.25919044
2019-01-15 20:00:00,-0.96875,-75.54999284992157,39.569699662156744,58.92593188694961,0.58598524,0.06598526
2019-01-15 21:00:00,-0.96875,-75.55941122839823,39.5863517454669,60.15200122875335,0.61829233,0.09829235
2019-01-15 22:00:00,-0.96875,-75.57898632668137,39.616347872761594,62.48535636878501,0.49137565,0.028624326
2019-01-15 23:00:00,-0.96875,-75.56521650025972,39.63970411825581,64.43026113786834,0.54701746,0.027017474
2019-01-16 00:00:00,-0.96875,-75.5486147825033,39.6523015468185,65.72036373297821,0.50055194,0.019448042
2019-01-16 01:00:00,-0.96875,-75.54391523060951,39.65637082508389,66.11299290543913,0.5019866,0.018013358
2019-01-16 02:00:00,-0.96875,-75.55180556758374,39.6494903204625,65.44978197319905,0.5195282,0.00047177076
2019-01-16 03:00:00,-0.96875,-75.57899368340007,39.62365384361046,63.027274670158505,0.51003253,0.009967446
2019-01-16 04:00:00,-0.96875,-75.56234068379523,39.58904749089606,60.331827281788975,0.5079237,0.012076259
2019-01-16 05:00:00,-0.96875,-75.5447937848836,39.562840340150665,58.44005593469792,0.52061677,0.00061678886
2019-01-16 06:00:00,-0.96875,-75.54039141371236,39.55396275711659,57.81925031963709,0.51090056,0.009099424
2019-01-16 07:00:00,-0.96875,-75.54214915898628,39.544836892401534,57.1620450256648,0.7266993,0.20669931
2019-01-16 08:00:00,-0.96875,-75.54792515211483,39.567375451814144,58.76574189438813,0.44100478,0.0789952
2019-01-16 09:00:00,-0.96875,-75.55753360991199,39.583846840144005,59.97409987883989,0.49301562,0.026984364
2019-01-16 10:00:00,-0.96875,-75.5759533327657,39.61064220414746,62.03711814104278,0.5519184,0.031918406
2019-01-16 11:00:00,-0.96875,-75.56521650025972,39.63970411825581,64.43026113786834,0.54476815,0.024768174
2019-01-16 12:00:00,-0.96875,-75.54547026009908,39.655033483315336,65.98382598221235,0.534538,0.01453799
2019-01-16 13:00:00,-0.96875,-75.53114039620868,39.66609128400795,67.0704012800018,0.53592634,0.015926361
2019-01-16 14:00:00,-0.96875,-75.53259798513056,39.66488995554459,66.95359927977029,0.49170154,0.028298438
2019-01-16 15:00:00,-0.96875,-75.55667903765479,39.64511660701493,65.02990980180394,0.51361954,0.006380439
2019-01-16 16:00:00,-0.96875,-75.57899368340007,39.62365384361046,63.027274670158505,0.5081977,0.011802256
2019-01-16 17:00:00,-0.96875,-75.56234068379523,39.58904749089606,60.331827281788975,0.52393866,0.003938675
2019-01-16 18:00:00,-0.96875,-75.54263978202111,39.558379582615764,58.10659291844498,0.52411747,0.004117489
2019-01-16 19:00:00,-0.96875,-75.54039141371236,39.55396275711659,57.81925031963709,0.513055,0.0069449544
2019-01-16 20:00:00,-0.96875,-75.54263978202111,39.558379582615764,58.10659291844498,0.46581024,0.05418974
2019-01-16 21:00:00,-0.96875,-75.54039141371236,39.55396275711659,57.81925031963709,0.6280219,0.108021915
2019-01-16 22:00:00,-0.96875,-75.55753360991199,39.583846840144005,59.97409987883989,0.5380021,0.018002093
2019-01-16 23:00:00,-0.96875,-75.5759533327657,39.61064220414746,62.03711814104278,0.49714518,0.022854805
2019-01-17 00:00:00,-0.96875,-75.57040660503625,39.63483885894033,63.9766057269436,0.5469085,0.026908517
2019-01-17 01:00:00,-0.96875,-75.55341839686443,39.64805381759573,65.31173398557773,0.50690764,0.013092339
2019-01-17 02:00:00,-0.96875,-75.55020437066935,39.65090607345622,65.58598961587342,0.51413417,0.0058658123
2019-01-17 03:00:00,-0.96875,-75.55832686247035,39.64361488754642,64.88623232485122,0.50929356,0.010706425
2019-01-17 04:00:00,-0.96875,-75.57749006877937,39.61348060521014,62.25992031865438,0.5074921,0.012507856
2019-01-17 05:00:00,-0.96875,-75.55476963151925,39.57903464146615,59.6202698125947,0.51724243,0.0027575493
2019-01-17 06:00:00,-0.96875,-75.54263978202111,39.558379582615764,58.10659291844498,0.5169483,0.0030516982
2019-01-17 07:00:00,-0.96875,-75.5468902376685,39.53285062675551,56.34976537100757,0.5304428,0.010442793
2019-01-17 08:00:00,-0.96875,-75.5468902376685,39.53285062675551,56.34976537100757,0.52369946,0.0036994815
2019-01-17 09:00:00,-0.96875,-75.54039141371236,39.55396275711659,57.81925031963709,0.5629979,0.042997897
2019-01-17 10:00:00,-0.96875,-75.55280828835795,39.57661585798313,59.45087585903198,0.53449434,0.0144943595
2019-01-17 11:00:00,-0.96875,-75.57111192130861,39.60230709786485,61.37851185397352,0.5149393,0.0050606728
2019-01-17 12:00:00,-0.96875,-75.57392564974643,39.63146370746974,63.66883634050355,0.52656144,0.006561458
2019-01-17 13:00:00,-0.96875,-75.55180556758374,39.6494903204625,65.44978197319905,0.5212732,0.0012732148
2019-01-17 14:00:00,-0.96875,-75.54237161467198,39.65768965199992,66.24049623563945,0.5192865,0.0007134676
2019-01-17 15:00:00,-0.96875,-75.53931836237287,39.66027338235136,66.49064942844191,0.5165278,0.003472209
2019-01-17 16:00:00,-0.96875,-75.56351037320181,39.64127568598482,64.57777861520749,0.522618,0.0026180148
2019-01-17 17:00:00,-0.96875,-75.5759533327657,39.61064220414746,62.03711814104278,0.5223785,0.0023785233
2019-01-17 18:00:00,-0.96875,-75.55280828835795,39.57661585798313,59.45087585903198,0.52782285,0.007822871
2019-01-17 19:00:00,-0.96875,-75.54152724400281,39.55616545438693,57.95805533630733,0.52324295,0.0032429695
2019-01-17 20:00:00,-0.96875,-75.54039141371236,39.55396275711659,57.81925031963709,0.57164097,0.051640987
2019-01-17 21:00:00,-0.96875,-75.54118271286877,39.54717145539737,57.320520744560696,0.6406178,0.12061781
2019-01-17 22:00:00,-0.96875,-75.54999284992157,39.569699662156744,58.92593188694961,0.44495007,0.07504991
2019-01-17 23:00:00,-0.96875,-75.55941122839823,39.5863517454669,60.15200122875335,0.57137007,0.051370084
2019-01-18 00:00:00,-0.96875,-75.57898632668137,39.616347872761594,62.48535636878501,0.5499376,0.029937625
2019-01-18 01:00:00,-0.96875,-75.56090029139487,39.64245452724118,64.73790385959292,0.49741876,0.02258122
2019-01-18 02:00:00,-0.96875,-75.54703676073134,39.65367720162432,65.85296343209443,0.5262763,0.0062763095
2019-01-18 03:00:00,-0.96875,-75.54083934665317,39.65899036982636,66.36637041204047,0.5275714,0.007571399
2019-01-18 04:00:00,-0.96875,-75.54703676073134,39.65367720162432,65.85296343209443,0.52462643,0.004626453
2019-01-18 05:00:00,-0.96875,-75.5807869672382,39.62181004146802,62.87731296868547,0.5200605,6.0498714e-05
2019-01-18 06:00:00,-0.96875,-75.56307821206644,39.59146102315327,60.51655196380821,0.51294,0.0070599914
2019-01-18 07:00:00,-0.96875,-75.54690967488298,39.565108505550555,58.59509620557732,0.5092775,0.010722458
2019-01-18 08:00:00,-0.96875,-75.54039141371236,39.55396275711659,57.81925031963709,0.56122345,0.041223466
2019-01-18 09:00:00,-0.96875,-75.54118271286877,39.54717145539737,57.320520744560696,0.7605729,0.24057293
2019-01-18 10:00:00,-0.96875,-75.54999284992157,39.569699662156744,58.92593188694961,0.54956406,0.029564083
2019-01-18 11:00:00,-0.96875,-75.56307821206644,39.59146102315327,60.51655196380821,0.53597885,0.015978873
2019-01-18 12:00:00,-0.96875,-75.57646303481057,39.62761192184965,63.3572474323587,0.5389405,0.018940508
2019-01-18 13:00:00,-0.96875,-75.55020437066935,39.65090607345622,65.58598961587342,0.50041664,0.019583344
2019-01-18 14:00:00,-0.96875,-75.52825707450182,39.66844772316574,67.29981652126835,0.52006435,6.4373016e-05
2019-01-18 15:00:00,-0.96875,-75.52100370017573,39.6827949884256,68.43777891621518,0.5129281,0.0070718527
2019-01-18 16:00:00,-0.96875,-75.52180819330826,39.679681202654166,68.22535602084425,0.51622576,0.0037742257
2019-01-18 17:00:00,-0.96875,-75.5486147825033,39.6523015468185,65.72036373297821,0.5234384,0.0034384131
2019-01-18 18:00:00,-0.96875,-75.57570253016146,39.62973470421671,63.52423114437017,0.54356754,0.023567557
2019-01-18 19:00:00,-0.96875,-75.57111192130861,39.60230709786485,61.37851185397352,0.5217018,0.0017018318
2019-01-18 20:00:00,-0.96875,-75.54999284992157,39.569699662156744,58.92593188694961,0.52398324,0.003983259
2019-01-18 21:00:00,-0.96875,-75.54152724400281,39.55616545438693,57.95805533630733,0.46937203,0.050627947
2019-01-18 22:00:00,-0.96875,-75.56307821206644,39.59146102315327,60.51655196380821,0.47659624,0.043403745
2019-01-18 23:00:00,-0.96875,-75.56594782200527,39.594253910573016,60.73585910333307,0.42467815,0.095321834
2019-01-19 00:00:00,-0.96875,-75.56942489783245,39.59959073080374,61.161766880390175,0.46938637,0.050613612
2019-01-19 01:00:00,-0.96875,-75.57570253016146,39.62973470421671,63.52423114437017,0.53542435,0.015424371
2019-01-19 02:00:00,-0.96875,-75.55180556758374,39.6494903204625,65.44978197319905,0.51120526,0.008794725
2019-01-19 03:00:00,-0.96875,-75.53703548022716,39.661189511304215,66.59434932574396,0.5231949,0.0031949282
2019-01-19 04:00:00,-0.96875,-75.53554544635828,39.66243941653019,66.71553315549492,0.53921825,0.019218266
2019-01-19 05:00:00,-0.96875,-75.54547026009908,39.655033483315336,65.98382598221235,0.5160984,0.0039016008
2019-01-19 06:00:00,-0.96875,-75.57040660503625,39.63483885894033,63.9766057269436,0.5207351,0.0007351041
2019-01-19 07:00:00,-0.96875,-75.57329788212712,39.607562732460394,61.787271808489855,0.51285464,0.007145345
2019-01-19 08:00:00,-0.96875,-75.55280828835795,39.57661585798313,59.45087585903198,0.5097061,0.010293901
2019-01-19 09:00:00,-0.96875,-75.54152724400281,39.55616545438693,57.95805533630733,0.53474134,0.014741361
2019-01-19 10:00:00,-0.96875,-75.54118271286877,39.54717145539737,57.320520744560696,0.90574026,0.38574028
2019-01-19 11:00:00,-0.96875,-75.54988125650517,39.571937139302605,59.11038129813908,0.63662577,0.116625786
2019-01-19 12:00:00,-0.96875,-75.56594782200527,39.594253910573016,60.73585910333307,0.5410452,0.021045208
2019-01-19 13:00:00,-0.96875,-75.57392564974643,39.63146370746974,63.66883634050355,0.5142184,0.005781591
2019-01-19 14:00:00,-0.96875,-75.54703676073134,39.65367720162432,65.85296343209443,0.511001,0.00899899
2019-01-19 15:00:00,-0.96875,-75.52400335530257,39.67366098535956,67.752104451422,0.50513303,0.014866948
2019-01-19 16:00:00,-0.96875,-75.51790636158212,39.68983762768795,68.92599803616909,0.5117638,0.00823617
2019-01-19 17:00:00,-0.96875,-75.51877444472893,39.686841109532644,68.73974548083497,0.5244908,0.0044907928
2019-01-19 18:00:00,-0.96875,-75.54237161467198,39.65768965199992,66.24049623563945,0.5241725,0.004172504
2019-01-19 19:00:00,-0.96875,-75.57216029722703,39.63316487079092,63.82186536860977,0.53453076,0.014530778
2019-01-19 20:00:00,-0.96875,-75.57329788212712,39.607562732460394,61.787271808489855,0.508624,0.011375964
2019-01-19 21:00:00,-0.96875,-75.55670449282687,39.58148734184725,59.7929897575911,0.5207781,0.00077813864
2019-01-19 22:00:00,-0.96875,-75.54263978202111,39.558379582615764,58.10659291844498,0.5160709,0.0039290786
2019-01-19 23:00:00,-0.96875,-75.56234068379523,39.58904749089606,60.331827281788975,0.50492066,0.0150793195
2019-01-20 00:00:00,-0.96875,-75.56594782200527,39.594253910573016,60.73585910333307,0.49967632,0.020323664
2019-01-20 01:00:00,-0.96875,-75.57168232907816,39.604800822163405,61.566619941627806,0.53016657,0.010166585
2019-01-20 02:00:00,-0.96875,-75.56693462306875,39.638107860905514,64.28054835366164,0.5032564,0.0167436
2019-01-20 03:00:00,-0.96875,-75.54391523060951,39.65637082508389,66.11299290543913,0.5030514,0.01694858
2019-01-20 04:00:00,-0.96875,-75.52541310552412,39.672550885250565,67.65580357234887,0.5120911,0.007908881
2019-01-20 05:00:00,-0.96875,-75.52325950063455,39.676869302381824,68.00518308040984,0.52776456,0.007764578
2019-01-20 06:00:00,-0.96875,-75.53114039620868,39.66609128400795,67.0704012800018,0.52258945,0.0025894642
2019-01-20 07:00:00,-0.96875,-75.55667903765479,39.64511660701493,65.02990980180394,0.53650373,0.016503751
2019-01-20 08:00:00,-0.96875,-75.57646303481057,39.62761192184965,63.3572474323587,0.49744096,0.022559017
2019-01-20 09:00:00,-0.96875,-75.57111192130861,39.60230709786485,61.37851185397352,0.512348,0.0076519847
2019-01-20 10:00:00,-0.96875,-75.55280828835795,39.57661585798313,59.45087585903198,0.51705426,0.0029457211
2019-01-20 11:00:00,-0.96875,-75.55476963151925,39.57903464146615,59.6202698125947,0.50633276,0.013667226
2019-01-20 12:00:00,-0.96875,-75.57168232907816,39.604800822163405,61.566619941627806,0.52162504,0.001625061
2019-01-20 13:00:00,-0.96875,-75.56866468257283,39.63648631066606,64.12948990277069,0.52204263,0.0020426512
2019-01-20 14:00:00,-0.96875,-75.54391523060951,39.65637082508389,66.11299290543913,0.5197497,0.0002502799
2019-01-20 15:00:00,-0.96875,-75.52100370017573,39.6827949884256,68.43777891621518,0.49379578,0.026204199
2019-01-20 16:00:00,-0.96875,-75.5054628459786,39.710731409202594,70.47881258900419,0.51494175,0.005058229
2019-01-20 17:00:00,-0.96875,-75.50732169942259,39.71707185516077,70.74273142398842,0.5372804,0.0172804
2019-01-20 18:00:00,-0.96875,-75.50988311015553,39.70539837928536,70.03763652746862,0.5380965,0.018096507
2019-01-20 19:00:00,-0.96875,-75.52612402740846,39.67108410465026,67.5318070671242,0.52686816,0.0068681836
2019-01-20 20:00:00,-0.96875,-75.56090029139487,39.64245452724118,64.73790385959292,0.5278913,0.007891297
2019-01-20 21:00:00,-0.96875,-75.57937146850549,39.61890468199655,62.67703924781394,0.5241717,0.004171729
2019-01-20 22:00:00,-0.96875,-75.56942489783245,39.59959073080374,61.161766880390175,0.49697807,0.023021907
2019-01-20 23:00:00,-0.96875,-75.54372872550329,39.56060468734208,58.27272330966954,0.52233493,0.0023349524
2019-01-21 00:00:00,-0.96875,-75.56234068379523,39.58904749089606,60.331827281788975,0.4920883,0.027911693
2019-01-21 01:00:00,-0.96875,-75.55753360991199,39.583846840144005,59.97409987883989,0.55563676,0.035636783
2019-01-21 02:00:00,-0.96875,-75.56770316135697,39.596906195786474,60.94659352112151,0.52247953,0.0024795532
2019-01-21 03:00:00,-0.96875,-75.5807869672382,39.62181004146802,62.87731296868547,0.4917464,0.028253585
2019-01-21 04:00:00,-0.96875,-75.57570253016146,39.62973470421671,63.52423114437017,0.54424417,0.02424419
2019-01-21 05:00:00,-0.96875,-75.56693462306875,39.638107860905514,64.28054835366164,0.50152445,0.018475533
2019-01-21 06:00:00,-0.96875,-75.57216029722703,39.63316487079092,63.82186536860977,0.50227493,0.01772505
2019-01-21 07:00:00,-0.96875,-75.57898632668137,39.616347872761594,62.48535636878501,0.54160637,0.021606386
2019-01-21 08:00:00,-0.96875,-75.56770316135697,39.596906195786474,60.94659352112151,0.5023396,0.01766038
2019-01-21 09:00:00,-0.96875,-75.5447937848836,39.562840340150665,58.44005593469792,0.5201555,0.00015550852
2019-01-21 10:00:00,-0.96875,-75.54518457332304,39.54002065540174,56.83996200470469,0.5504039,0.030403912
2019-01-21 11:00:00,-0.96875,-75.54823375606975,39.52325073310537,55.67508981524701,0.5089561,0.011043906
2019-01-21 12:00:00,-0.96875,-75.54021046589138,39.54948330203355,57.47658609565121,0.531012,0.011012018
2019-01-21 13:00:00,-0.96875,-75.540310167641,39.551726849174806,57.64581073313797,0.52092034,0.0009203553
2019-01-21 14:00:00,-0.96875,-75.55753360991199,39.583846840144005,59.97409987883989,0.50626516,0.0137348175
2019-01-21 15:00:00,-0.96875,-75.57168232907816,39.604800822163405,61.566619941627806,0.52995795,0.009957969
2019-01-21 16:00:00,-0.96875,-75.57646303481057,39.62761192184965,63.3572474323587,0.51904196,0.00095802546
2019-01-21 17:00:00,-0.96875,-75.55504288316268,39.64659607951822,65.17179040597311,0.5188854,0.0011146069
2019-01-21 18:00:00,-0.96875,-75.5486147825033,39.6523015468185,65.72036373297821,0.52173144,0.0017314553
2019-01-21 19:00:00,-0.96875,-75.56090029139487,39.64245452724118,64.73790385959292,0.52743506,0.0074350834
2019-01-21 20:00:00,-0.96875,-75.57899368340007,39.62365384361046,63.027274670158505,0.524633,0.0046330094
2019-01-21 21:00:00,-0.96875,-75.56594782200527,39.594253910573016,60.73585910333307,0.5190381,0.00096189976
2019-01-21 22:00:00,-0.96875,-75.5447937848836,39.562840340150665,58.44005593469792,0.5156674,0.004332602
2019-01-21 23:00:00,-0.96875,-75.54501227629483,39.53770369233143,56.67875609538825,0.5236415,0.0036415458
2019-01-22 00:00:00,-0.96875,-75.55090146669895,39.51582669864942,55.17173954717649,0.5326245,0.012624502
2019-01-22 01:00:00,-0.96875,-75.55090146669895,39.51582669864942,55.17173954717649,0.5314775,0.01147753
2019-01-22 02:00:00,-0.96875,-75.54667083323301,39.530513673502796,56.18394976123079,0.52382565,0.0038256645
2019-01-22 03:00:00,-0.96875,-75.54263978202111,39.558379582615764,58.10659291844498,0.50890195,0.011098027
2019-01-22 04:00:00,-0.96875,-75.55476963151925,39.57903464146615,59.6202698125947,0.51892376,0.0010762215
2019-01-22 05:00:00,-0.96875,-75.57111192130861,39.60230709786485,61.37851185397352,0.5286831,0.008683145
2019-01-22 06:00:00,-0.96875,-75.57898632668137,39.616347872761594,62.48535636878501,0.5211975,0.0011975169
2019-01-22 07:00:00,-0.96875,-75.57898632668137,39.616347872761594,62.48535636878501,0.51807183,0.0019281507
2019-01-22 08:00:00,-0.96875,-75.55941122839823,39.5863517454669,60.15200122875335,0.5168232,0.0031768084
2019-01-22 09:00:00,-0.96875,-75.54690967488298,39.565108505550555,58.59509620557732,0.5180178,0.0019821525
2019-01-22 10:00:00,-0.96875,-75.54118271286877,39.54717145539737,57.320520744560696,0.5324577,0.012457728
2019-01-22 11:00:00,-0.96875,-75.55119997827249,39.518143956613955,55.34603843560572,0.5358397,0.015839696
2019-01-22 12:00:00,-0.96875,-75.55743803262969,39.50108502540483,54.187632164968974,0.51381725,0.00618273
2019-01-22 13:00:00,-0.96875,-75.55418903906846,39.51301582966985,55.00293073423891,0.5214402,0.001440227
2019-01-22 14:00:00,-0.96875,-75.54823375606975,39.52325073310537,55.67508981524701,0.5289922,0.008992195
2019-01-22 15:00:00,-0.96875,-75.54263978202111,39.558379582615764,58.10659291844498,0.517223,0.0027769804
2019-01-22 16:00:00,-0.96875,-75.55753360991199,39.583846840144005,59.97409987883989,0.5175703,0.0024296641
2019-01-22 17:00:00,-0.96875,-75.57898632668137,39.616347872761594,62.48535636878501,0.5082181,0.011781871
2019-01-22 18:00:00,-0.96875,-75.56521650025972,39.63970411825581,64.43026113786834,0.5132731,0.006726861
2019-01-22 19:00:00,-0.96875,-75.55504288316268,39.64659607951822,65.17179040597311,0.52439064,0.004390657
2019-01-22 20:00:00,-0.96875,-75.55832686247035,39.64361488754642,64.88623232485122,0.5189281,0.0010718703
2019-01-22 21:00:00,-0.96875,-75.57749006877937,39.61348060521014,62.25992031865438,0.53898144,0.018981457
2019-01-22 22:00:00,-0.96875,-75.55753360991199,39.583846840144005,59.97409987883989,0.5280503,0.0080503225
2019-01-22 23:00:00,-0.96875,-75.54372872550329,39.56060468734208,58.27272330966954,0.53268313,0.012683153
2019-01-23 00:00:00,-0.96875,-75.54501227629483,39.53770369233143,56.67875609538825,0.5246797,0.0046797395
2019-01-23 01:00:00,-0.96875,-75.54501227629483,39.53770369233143,56.67875609538825,0.52331275,0.0033127666
2019-01-23 02:00:00,-0.96875,-75.54021046589138,39.54948330203355,57.47658609565121,0.5259193,0.0059193373
2019-01-23 03:00:00,-0.96875,-75.54690967488298,39.565108505550555,58.59509620557732,0.5251669,0.005166948
2019-01-23 04:00:00,-0.96875,-75.56234068379523,39.58904749089606,60.331827281788975,0.5203804,0.00038039684
2019-01-23 05:00:00,-0.96875,-75.57898632668137,39.616347872761594,62.48535636878501,0.5224569,0.0024569035
2019-01-23 06:00:00,-0.96875,-75.56351037320181,39.64127568598482,64.57777861520749,0.51469517,0.0053048134
2019-01-23 07:00:00,-0.96875,-75.55020437066935,39.65090607345622,65.58598961587342,0.52457964,0.0045796633
2019-01-23 08:00:00,-0.96875,-75.55020437066935,39.65090607345622,65.58598961587342,0.52329063,0.0032906532
2019-01-23 09:00:00,-0.96875,-75.57040660503625,39.63483885894033,63.9766057269436,0.52217984,0.002179861
2019-01-23 10:00:00,-0.96875,-75.57111192130861,39.60230709786485,61.37851185397352,0.51978457,0.00021541119
2019-01-23 11:00:00,-0.96875,-75.54988125650517,39.571937139302605,59.11038129813908,0.52010816,0.00010818243
2019-01-23 12:00:00,-0.96875,-75.54152724400281,39.55616545438693,57.95805533630733,0.49803638,0.021963596
2019-01-23 13:00:00,-0.96875,-75.54595432933559,39.535286030627844,56.515033912846405,0.5431844,0.023184419
2019-01-23 14:00:00,-0.96875,-75.54372872550329,39.56060468734208,58.27272330966954,0.41737702,0.102622956
2019-01-23 15:00:00,-0.96875,-75.54988125650517,39.571937139302605,59.11038129813908,0.5129897,0.007010281
2019-01-23 16:00:00,-0.96875,-75.56770316135697,39.596906195786474,60.94659352112151,0.50620514,0.013794839
2019-01-23 17:00:00,-0.96875,-75.57392564974643,39.63146370746974,63.66883634050355,0.51516026,0.0048397183
2019-01-23 18:00:00,-0.96875,-75.55020437066935,39.65090607345622,65.58598961587342,0.52975637,0.009756386
2019-01-23 19:00:00,-0.96875,-75.52969345538826,39.66727709907961,67.18579784964342,0.5173881,0.0026118755
2019-01-23 20:00:00,-0.96875,-75.52541310552412,39.672550885250565,67.65580357234887,0.5189885,0.0010114908
2019-01-23 21:00:00,-0.96875,-75.54083934665317,39.65899036982636,66.36637041204047,0.509389,0.010610998
2019-01-23 22:00:00,-0.96875,-75.57216029722703,39.63316487079092,63.82186536860977,0.52829427,0.008294284
2019-01-23 23:00:00,-0.96875,-75.57111192130861,39.60230709786485,61.37851185397352,0.5169506,0.0030493736
2019-01-24 00:00:00,-0.96875,-75.54999284992157,39.569699662156744,58.92593188694961,0.52150434,0.0015043616
2019-01-24 01:00:00,-0.96875,-75.54039141371236,39.55396275711659,57.81925031963709,0.5728303,0.05283034
2019-01-24 02:00:00,-0.96875,-75.54152724400281,39.55616545438693,57.95805533630733,0.59624785,0.07624787
2019-01-24 03:00:00,-0.96875,-75.54690967488298,39.565108505550555,58.59509620557732,0.4402648,0.07973519
2019-01-24 04:00:00,-0.96875,-75.55670449282687,39.58148734184725,59.7929897575911,0.47264716,0.04735282
2019-01-24 05:00:00,-0.96875,-75.5759533327657,39.61064220414746,62.03711814104278,0.5328791,0.012879133
2019-01-24 06:00:00,-0.96875,-75.56521650025972,39.63970411825581,64.43026113786834,0.5359435,0.015943527
2019-01-24 07:00:00,-0.96875,-75.54391523060951,39.65637082508389,66.11299290543913,0.5045957,0.015404284
2019-01-24 08:00:00,-0.96875,-75.53114039620868,39.66609128400795,67.0704012800018,0.5314639,0.01146394
2019-01-24 09:00:00,-0.96875,-75.53406630764565,39.663672780816185,66.83522342300587,0.52060014,0.00060015917
2019-01-24 10:00:00,-0.96875,-75.55504288316268,39.64659607951822,65.17179040597311,0.53105557,0.011055589
2019-01-24 11:00:00,-0.96875,-75.57937146850549,39.61890468199655,62.67703924781394,0.53028035,0.010280371
2019-01-24 12:00:00,-0.96875,-75.55941122839823,39.5863517454669,60.15200122875335,0.52237934,0.0023793578
2019-01-24 13:00:00,-0.96875,-75.5447937848836,39.562840340150665,58.44005593469792,0.51082414,0.009175837
2019-01-24 14:00:00,-0.96875,-75.54152724400281,39.55616545438693,57.95805533630733,0.50807244,0.011927545
2019-01-24 15:00:00,-0.96875,-75.540310167641,39.551726849174806,57.64581073313797,0.787515,0.267515
2019-01-24 16:00:00,-0.96875,-75.55670449282687,39.58148734184725,59.7929897575911,0.4359224,0.08407757
2019-01-24 17:00:00,-0.96875,-75.57749006877937,39.61348060521014,62.25992031865438,0.51292944,0.0070705414
2019-01-24 18:00:00,-0.96875,-75.56090029139487,39.64245452724118,64.73790385959292,0.54160315,0.021603167
2019-01-24 19:00:00,-0.96875,-75.53554544635828,39.66243941653019,66.71553315549492,0.51241755,0.007582426
2019-01-24 20:00:00,-0.96875,-75.52253528866879,39.67828187397654,68.11564526000811,0.5245343,0.004534304
2019-01-24 21:00:00,-0.96875,-75.52180819330826,39.679681202654166,68.22535602084425,0.5168482,0.0031517744
2019-01-24 22:00:00,-0.96875,-75.53931836237287,39.66027338235136,66.49064942844191,0.5326522,0.012652218
2019-01-24 23:00:00,-0.96875,-75.57392564974643,39.63146370746974,63.66883634050355,0.52690196,0.0069019794
2019-01-25 00:00:00,-0.96875,-75.57111192130861,39.60230709786485,61.37851185397352,0.5469967,0.026996732
2019-01-25 01:00:00,-0.96875,-75.54999284992157,39.569699662156744,58.92593188694961,0.52594286,0.005942881
2019-01-25 02:00:00,-0.96875,-75.540310167641,39.551726849174806,57.64581073313797,0.6014056,0.08140564
2019-01-25 03:00:00,-0.96875,-75.54518457332304,39.54002065540174,56.83996200470469,0.5809654,0.06096542
2019-01-25 04:00:00,-0.96875,-75.54118271286877,39.54717145539737,57.320520744560696,0.5219439,0.0019439459
2019-01-25 05:00:00,-0.96875,-75.54152724400281,39.55616545438693,57.95805533630733,0.55520064,0.035200655
2019-01-25 06:00:00,-0.96875,-75.55941122839823,39.5863517454669,60.15200122875335,0.49973473,0.020265251
2019-01-25 07:00:00,-0.96875,-75.5759533327657,39.61064220414746,62.03711814104278,0.512231,0.0077689886
2019-01-25 08:00:00,-0.96875,-75.57392564974643,39.63146370746974,63.66883634050355,0.5239026,0.0039026141
2019-01-25 09:00:00,-0.96875,-75.56866468257283,39.63648631066606,64.12948990277069,0.52566206,0.0056620836
2019-01-25 10:00:00,-0.96875,-75.57824892219375,39.62582645569313,63.19911167836516,0.51999044,9.536743e-06
2019-01-25 11:00:00,-0.96875,-75.55941122839823,39.5863517454669,60.15200122875335,0.5267934,0.0067934394
2019-01-25 12:00:00,-0.96875,-75.5447937848836,39.562840340150665,58.44005593469792,0.52373034,0.0037303567
2019-01-25 13:00:00,-0.96875,-75.5468902376685,39.53285062675551,56.34976537100757,0.5277027,0.0077027082
2019-01-25 14:00:00,-0.96875,-75.55354875442319,39.508465245697884,54.672748309518255,0.5124105,0.0075894594
2019-01-25 15:00:00,-0.96875,-75.55923911856912,39.49646449073345,53.87482877660422,0.52308416,0.0030841827
2019-01-25 16:00:00,-0.96875,-75.55418903906846,39.51301582966985,55.00293073423891,0.5206196,0.0006195903
2019-01-25 17:00:00,-0.96875,-75.54039141371236,39.55396275711659,57.81925031963709,0.52411973,0.004119754
2019-01-25 18:00:00,-0.96875,-75.54372872550329,39.56060468734208,58.27272330966954,0.5361632,0.01616323
2019-01-25 19:00:00,-0.96875,-75.55670449282687,39.58148734184725,59.7929897575911,0.5234352,0.0034351945
2019-01-25 20:00:00,-0.96875,-75.57168232907816,39.604800822163405,61.566619941627806,0.51324326,0.006756723
2019-01-25 21:00:00,-0.96875,-75.57749006877937,39.61348060521014,62.25992031865438,0.5280137,0.008013725
2019-01-25 22:00:00,-0.96875,-75.56594782200527,39.594253910573016,60.73585910333307,0.5066234,0.013376594
2019-01-25 23:00:00,-0.96875,-75.54988125650517,39.571937139302605,59.11038129813908,0.507693,0.012306988
2019-01-26 00:00:00,-0.96875,-75.54039141371236,39.55396275711659,57.81925031963709,0.50364995,0.01635003
2019-01-26 01:00:00,-0.96875,-75.55119997827249,39.518143956613955,55.34603843560572,0.5237908,0.0037907958
2019-01-26 02:00:00,-0.96875,-75.56071931627203,39.49012017521256,53.43769264150382,0.5035946,0.016405404
2019-01-26 03:00:00,-0.96875,-75.56277004863482,39.46843508885267,51.91448438901112,0.5142684,0.0057315826
2019-01-26 04:00:00,-0.96875,-75.5641089667183,39.47406234915377,52.30346751928067,0.5302552,0.010255218
2019-01-26 05:00:00,-0.96875,-75.56014818259959,39.494219056982175,53.722923813142586,0.4733671,0.046632886
2019-01-26 06:00:00,-0.96875,-75.55119997827249,39.518143956613955,55.34603843560572,0.5471114,0.027111411
2019-01-26 07:00:00,-0.96875,-75.540310167641,39.551726849174806,57.64581073313797,0.5046566,0.015343368
2019-01-26 08:00:00,-0.96875,-75.54999284992157,39.569699662156744,58.92593188694961,0.486735,0.033264995
2019-01-26 09:00:00,-0.96875,-75.55670449282687,39.58148734184725,59.7929897575911,0.49662924,0.023370743
2019-01-26 10:00:00,-0.96875,-75.55476963151925,39.57903464146615,59.6202698125947,0.5446489,0.024648905
2019-01-26 11:00:00,-0.96875,-75.54690967488298,39.565108505550555,58.59509620557732,0.5341387,0.014138699
2019-01-26 12:00:00,-0.96875,-75.54118271286877,39.54717145539737,57.320520744560696,0.53686357,0.016863585
2019-01-26 13:00:00,-0.96875,-75.55418903906846,39.51301582966985,55.00293073423891,0.51355636,0.0064436197
2019-01-26 14:00:00,-0.96875,-75.5635214616766,39.48399246453662,53.00557393671902,0.5484858,0.028485835
2019-01-26 15:00:00,-0.96875,-75.56137762505978,39.462978018172244,51.522449969842064,0.5186453,0.0013546944
2019-01-26 16:00:00,-0.96875,-75.56242807884175,39.467062522238116,51.81735734392735,0.45943823,0.060561746
2019-01-26 17:00:00,-0.96875,-75.5635214616766,39.48399246453662,53.00557393671902,0.53617674,0.01617676
2019-01-26 18:00:00,-0.96875,-75.55687920151024,39.50565548475636,54.50414360273734,0.5627151,0.042715132
2019-01-26 19:00:00,-0.96875,-75.54595432933559,39.535286030627844,56.515033912846405,0.5200683,6.830692e-05
2019-01-26 20:00:00,-0.96875,-75.54372872550329,39.56060468734208,58.27272330966954,0.5466056,0.026605606
2019-01-26 21:00:00,-0.96875,-75.55476963151925,39.57903464146615,59.6202698125947,0.47674957,0.04325041
2019-01-26 22:00:00,-0.96875,-75.55670449282687,39.58148734184725,59.7929897575911,0.55292314,0.032923162
2019-01-26 23:00:00,-0.96875,-75.55082137484473,39.574231101847616,59.28463693121821,0.4720229,0.04797709
2019-01-27 00:00:00,-0.96875,-75.54039141371236,39.55396275711659,57.81925031963709,0.53806835,0.018068373
2019-01-27 01:00:00,-0.96875,-75.54823375606975,39.52325073310537,55.67508981524701,0.528202,0.008202016
2019-01-27 02:00:00,-0.96875,-75.5610641220656,39.49202096975267,53.5731792931669,0.5241981,0.004198134
2019-01-27 03:00:00,-0.96875,-75.56242807884175,39.467062522238116,51.81735734392735,0.51354223,0.006457746
2019-01-27 04:00:00,-0.96875,-75.5610184469298,39.461621877478535,51.422493392436365,0.47211444,0.047885537
2019-01-27 05:00:00,-0.96875,-75.56347542669609,39.47731404584592,52.52794983111889,0.5091188,0.0108811855
2019-01-27 06:00:00,-0.96875,-75.56014818259959,39.494219056982175,53.722923813142586,0.5152023,0.004797697
2019-01-27 07:00:00,-0.96875,-75.54912663399548,39.52077636363599,55.50726534974365,0.51550597,0.0044940114
2019-01-27 08:00:00,-0.96875,-75.54039141371236,39.55396275711659,57.81925031963709,0.51344144,0.0065585375
2019-01-27 09:00:00,-0.96875,-75.54988125650517,39.571937139302605,59.11038129813908,0.504935,0.015064955
2019-01-27 10:00:00,-0.96875,-75.55476963151925,39.57903464146615,59.6202698125947,0.5470294,0.027029395
2019-01-27 11:00:00,-0.96875,-75.55280828835795,39.57661585798313,59.45087585903198,0.52464366,0.0046436787
2019-01-27 12:00:00,-0.96875,-75.54372872550329,39.56060468734208,58.27272330966954,0.5077772,0.012222767
2019-01-27 13:00:00,-0.96875,-75.54595432933559,39.535286030627844,56.515033912846405,0.5076035,0.012396455
2019-01-27 14:00:00,-0.96875,-75.55743803262969,39.50108502540483,54.187632164968974,0.51147556,0.008524418
2019-01-27 15:00:00,-0.96875,-75.5641089667183,39.47406234915377,52.30346751928067,0.5208782,0.00087821484
2019-01-27 16:00:00,-0.96875,-75.56028575269616,39.45891193759294,51.222227701566005,0.5139057,0.006094277
2019-01-27 17:00:00,-0.96875,-75.56137762505978,39.462978018172244,51.522449969842064,0.51721203,0.0027879477
2019-01-27 18:00:00,-0.96875,-75.56347542669609,39.47731404584592,52.52794983111889,0.51801544,0.0019845366
2019-01-27 19:00:00,-0.96875,-75.55743803262969,39.50108502540483,54.187632164968974,0.50755405,0.012445927
2019-01-27 20:00:00,-0.96875,-75.54758671306891,39.528056396460165,56.017743651463405,0.5054833,0.014516652
2019-01-27 21:00:00,-0.96875,-75.54152724400281,39.55616545438693,57.95805533630733,0.49505997,0.024940014
2019-01-27 22:00:00,-0.96875,-75.54690967488298,39.565108505550555,58.59509620557732,0.5235734,0.0035734177
2019-01-27 23:00:00,-0.96875,-75.54690967488298,39.565108505550555,58.59509620557732,0.5267312,0.006731212
2019-01-28 00:00:00,-0.96875,-75.540310167641,39.551726849174806,57.64581073313797,0.5272135,0.007213533
2019-01-28 01:00:00,-0.96875,-75.55418903906846,39.51301582966985,55.00293073423891,0.5226602,0.002660215
2019-01-28 02:00:00,-0.96875,-75.5635214616766,39.48399246453662,53.00557393671902,0.5202948,0.00029480457
2019-01-28 03:00:00,-0.96875,-75.55991213784704,39.45755725365286,51.12194673681742,0.524764,0.0047640204
2019-01-28 04:00:00,-0.96875,-75.54340727592947,39.44065147322987,49.60488048917211,0.5197414,0.00025856495
2019-01-28 05:00:00,-0.96875,-75.53776148567484,39.43670152729314,49.201420556394496,0.5175363,0.0024636984
2019-01-28 06:00:00,-0.96875,-75.55285240143348,39.44790794072101,50.32387592325553,0.51259816,0.007401824
2019-01-28 07:00:00,-0.96875,-75.56065451170278,39.460266699046144,51.32240201452099,0.5216556,0.0016556382
2019-01-28 08:00:00,-0.96875,-75.5635214616766,39.48399246453662,53.00557393671902,0.5254948,0.005494833
2019-01-28 09:00:00,-0.96875,-75.55354875442319,39.508465245697884,54.672748309518255,0.5228101,0.0028101206
2019-01-28 10:00:00,-0.96875,-75.54733638502073,39.52571983777987,55.84232958279782,0.5237043,0.0037043095
2019-01-28 11:00:00,-0.96875,-75.5468902376685,39.53285062675551,56.34976537100757,0.51698977,0.0030102134
2019-01-28 12:00:00,-0.96875,-75.54667083323301,39.530513673502796,56.18394976123079,0.52097124,0.0009712577
2019-01-28 13:00:00,-0.96875,-75.55923911856912,39.49646449073345,53.87482877660422,0.5185888,0.0014111996
2019-01-28 14:00:00,-0.96875,-75.56377739385314,39.472626577356486,52.205532730768965,0.51035047,0.009649515
2019-01-28 15:00:00,-0.96875,-75.55496776445136,39.45020391433991,50.522262489090295,0.5281939,0.00819391
2019-01-28 16:00:00,-0.96875,-75.53506946183654,39.43322226781271,48.91315235595817,0.5217968,0.0017968416
2019-01-28 17:00:00,-0.96875,-75.52477947190056,39.425212513967374,48.12395844420836,0.52864087,0.008640885
2019-01-28 18:00:00,-0.96875,-75.53283316443756,39.4310722187133,48.71885369645049,0.5516565,0.031656504
2019-01-28 19:00:00,-0.96875,-75.55029363199377,39.44428866629863,50.0370036286722,0.5306607,0.010660708
2019-01-28 20:00:00,-0.96875,-75.5610184469298,39.461621877478535,51.422493392436365,0.5341871,0.014187098
2019-01-28 21:00:00,-0.96875,-75.56257879717236,39.48598606222611,53.143809330233445,0.55078465,0.030784667
2019-01-28 22:00:00,-0.96875,-75.55354875442319,39.508465245697884,54.672748309518255,0.49859315,0.02140683
2019-01-28 23:00:00,-0.96875,-75.54912663399548,39.52077636363599,55.50726534974365,0.50263757,0.017362416
2019-01-29 00:00:00,-0.96875,-75.54912663399548,39.52077636363599,55.50726534974365,0.50609004,0.013909936
2019-01-29 01:00:00,-0.96875,-75.55266705990525,39.510904329459024,54.838169876355856,0.48175776,0.03824222
2019-01-29 02:00:00,-0.96875,-75.5610641220656,39.49202096975267,53.5731792931669,0.4743761,0.04562387
2019-01-29 03:00:00,-0.96875,-75.56242807884175,39.467062522238116,51.81735734392735,0.51711595,0.0028840303
2019-01-29 04:00:00,-0.96875,-75.55072108853952,39.44562878483569,50.12589452844867,0.5026534,0.017346561
2019-01-29 05:00:00,-0.96875,-75.53506946183654,39.43322226781271,48.91315235595817,0.50701594,0.012984037
2019-01-29 06:00:00,-0.96875,-75.53506946183654,39.43322226781271,48.91315235595817,0.5353088,0.015308797
2019-01-29 07:00:00,-0.96875,-75.55285240143348,39.44790794072101,50.32387592325553,0.5276654,0.0076653957
2019-01-29 08:00:00,-0.96875,-75.56137762505978,39.462978018172244,51.522449969842064,0.50166595,0.018334031
2019-01-29 09:00:00,-0.96875,-75.56164478292999,39.488028196056334,53.2890283263766,0.55981547,0.039815485
2019-01-29 10:00:00,-0.96875,-75.55418903906846,39.51301582966985,55.00293073423891,0.4653887,0.054611295
2019-01-29 11:00:00,-0.96875,-75.54214915898628,39.544836892401534,57.1620450256648,0.5009798,0.0190202
2019-01-29 12:00:00,-0.96875,-75.54310964252714,39.54248020272417,57.002727582366425,0.46763095,0.05236903
2019-01-29 13:00:00,-0.96875,-75.54518457332304,39.54002065540174,56.83996200470469,0.54842144,0.028421462
2019-01-29 14:00:00,-0.96875,-75.54823375606975,39.52325073310537,55.67508981524701,0.4872907,0.03270927
2019-01-29 15:00:00,-0.96875,-75.55923911856912,39.49646449073345,53.87482877660422,0.5125594,0.007440567
2019-01-29 16:00:00,-0.96875,-75.56310856521023,39.46981747379021,52.01136958358161,0.5114444,0.008555591
2019-01-29 17:00:00,-0.96875,-75.55537100625332,39.451551060571845,50.61086271199608,0.50991917,0.010080814
2019-01-29 18:00:00,-0.96875,-75.54168247739835,39.439764006650755,49.49795113864064,0.5139193,0.006080687
2019-01-29 19:00:00,-0.96875,-75.55072108853952,39.44562878483569,50.12589452844867,0.55289507,0.03289509
2019-01-29 20:00:00,-0.96875,-75.56065451170278,39.460266699046144,51.32240201452099,0.50730574,0.01269424
2019-01-29 21:00:00,-0.96875,-75.56314451442184,39.47582272977023,52.42334659875525,0.47307396,0.04692602
2019-01-29 22:00:00,-0.96875,-75.55833606397199,39.498754373308785,54.02989215368692,0.5157105,0.004289508
2019-01-29 23:00:00,-0.96875,-75.54912663399548,39.52077636363599,55.50726534974365,0.47991326,0.040086716
2019-01-30 00:00:00,-0.96875,-75.54518457332304,39.54002065540174,56.83996200470469,0.520003,3.0398369e-06
2019-01-30 01:00:00,-0.96875,-75.54501227629483,39.53770369233143,56.67875609538825,0.5094291,0.010570884
2019-01-30 02:00:00,-0.96875,-75.54733638502073,39.52571983777987,55.84232958279782,0.5242514,0.0042514205
2019-01-30 03:00:00,-0.96875,-75.55687920151024,39.50565548475636,54.50414360273734,0.4949252,0.02507478
2019-01-30 04:00:00,-0.96875,-75.56413901113912,39.48041963683643,52.750014670128905,0.49945715,0.02054283
2019-01-30 05:00:00,-0.96875,-75.55991213784704,39.45755725365286,51.12194673681742,0.57728094,0.057280958
2019-01-30 06:00:00,-0.96875,-75.55072108853952,39.44562878483569,50.12589452844867,0.5310896,0.011089623
2019-01-30 07:00:00,-0.96875,-75.54385488072835,39.44197580718704,49.69872152225512,0.5230591,0.0030591488
2019-01-30 08:00:00,-0.96875,-75.55496776445136,39.45020391433991,50.522262489090295,0.518922,0.0010780096
2019-01-30 09:00:00,-0.96875,-75.56137762505978,39.462978018172244,51.522449969842064,0.5225925,0.002592504
2019-01-30 10:00:00,-0.96875,-75.56257879717236,39.48598606222611,53.143809330233445,0.5279287,0.007928729
2019-01-30 11:00:00,-0.96875,-75.55266705990525,39.510904329459024,54.838169876355856,0.46237293,0.057627052
2019-01-30 12:00:00,-0.96875,-75.54667083323301,39.530513673502796,56.18394976123079,0.4689305,0.05106947
2019-01-30 13:00:00,-0.96875,-75.54501227629483,39.53770369233143,56.67875609538825,0.54109406,0.021094084
2019-01-30 14:00:00,-0.96875,-75.54501227629483,39.53770369233143,56.67875609538825,0.47941256,0.040587425
2019-01-30 15:00:00,-0.96875,-75.54823375606975,39.52325073310537,55.67508981524701,0.51837975,0.0016202331
2019-01-30 16:00:00,-0.96875,-75.55833606397199,39.498754373308785,54.02989215368692,0.45029864,0.069701344
2019-01-30 17:00:00,-0.96875,-75.56377739385314,39.472626577356486,52.205532730768965,0.5395424,0.019542396
2019-01-30 18:00:00,-0.96875,-75.55706709951872,39.452516969936404,50.721066342288026,0.5245987,0.0045987368
2019-01-30 19:00:00,-0.96875,-75.54340727592947,39.44065147322987,49.60488048917211,0.5200174,1.7404556e-05
2019-01-30 20:00:00,-0.96875,-75.55114390399606,39.44696848219029,50.21460680684148,0.5170375,0.00296247
2019-01-30 21:00:00,-0.96875,-75.55991213784704,39.45755725365286,51.12194673681742,0.504309,0.015690982
2019-01-30 22:00:00,-0.96875,-75.56347542669609,39.47731404584592,52.52794983111889,0.5724528,0.052452803
2019-01-30 23:00:00,-0.96875,-75.55923911856912,39.49646449073345,53.87482877660422,0.5459188,0.025918841
2019-01-31 00:00:00,-0.96875,-75.55354875442319,39.508465245697884,54.672748309518255,0.5005577,0.01944226
