datetime,julianday,nitrateobs,nitratemdlapred,nitratemdlbpred,discharge,prcp,tmax,tmin
20141003,276,2.76,2.797727,2.7437468,261,160,200,111
20141004,277,2.79,2.9249146,2.6718771,246,8,128,22
20141005,278,2.9,2.8446267,2.7647977,250,18,67,17
20141006,279,2.93,2.9397287,2.863276,247,0,83,0
20141007,280,,,,247,0,128,28
20141008,281,,,,243,0,156,22
20141009,282,,,,242,0,128,6
20141010,283,,,,237,0,128,-17
20141011,284,,,,238,0,128,-6
20141012,285,,,,239,0,117,-17
20141013,286,,,,244,23,156,-11
20141014,287,,,,337,419,144,89
20141015,288,,,,376,66,122,83
20141016,289,,,,364,13,111,78
20141017,290,2.3,3.585421,2.2900038,321,5,150,50
20141018,291,,,,301,25,122,28
20141019,292,,,,292,0,150,-28
20141020,293,,,,278,8,139,-17
20141021,294,,,,270,0,117,33
20141022,295,,,,266,0,106,-28
20141023,296,,,,270,0,128,-22
20141024,297,2.74,3.2099216,2.8323925,292,198,78,61
20141025,298,2.74,3.309108,2.6390426,287,0,139,78
20141026,299,2.75,3.442712,2.5902371,274,0,167,6
20141027,300,2.73,3.4203362,2.7076726,265,0,150,11
20141028,301,2.68,3.359991,2.7712243,275,13,189,67
20141029,302,2.72,3.3864527,2.6767178,269,0,100,33
20141030,303,2.8,3.396959,2.7587388,263,0,83,-11
20141031,304,2.83,3.3410964,2.8586748,258,3,100,-11
20141101,305,2.94,3.3534696,2.8847067,242,0,33,-61
20141102,306,,,,246,0,56,-56
20141103,307,,,,248,0,106,-6
20141104,308,3.06,3.2507539,2.9598105,247,28,122,67
20141105,309,3.03,3.1853657,2.8642747,253,0,89,-6
20141106,310,2.98,3.2350368,2.9046648,254,66,67,6
20141107,311,2.99,3.2310326,2.9147575,261,0,33,-11
20141108,312,3.01,3.284042,2.9053636,263,0,56,6
20141109,313,3,3.297505,2.905402,253,3,50,17
20141110,314,3.02,3.3103907,2.9216988,256,3,22,-17
20141111,315,3.04,3.3083658,2.9651015,263,56,28,-11
20141112,316,,,,255,25,0,-83
20141113,317,,,,262,0,-39,-89
20141114,318,,,,248,0,-44,-83
20141115,319,3.27,3.392034,3.1266143,240,0,-39,-133
20141116,320,3.26,3.4240673,3.227255,231,15,-50,-117
20141117,321,3.29,3.4553914,3.2826912,227,0,-33,-139
20141118,322,,,,225,0,-100,-133
20141119,323,,,,221,3,-89,-122
20141120,324,,,,221,0,-39,-89
20141121,325,,,,225,0,-89,-172
20141122,326,,,,233,0,6,-167
20141123,327,,,,244,0,83,0
20141124,328,3.1,3.4698503,3.4569397,259,91,94,44
20141125,329,3.03,3.43402,3.2714953,282,122,50,-67
20141126,330,3.03,3.4842033,3.0932357,306,0,-61,-139
20141127,331,,,,295,0,-56,-100
20141128,332,,,,271,0,-89,-183
20141129,333,,,,302,3,-22,-122
20141130,334,,,,276,0,17,-44
20141201,335,,,,254,0,-6,-161
20141202,336,,,,254,0,-117,-206
20141203,337,,,,248,0,-33,-117
20141204,338,,,,245,0,-44,-150
20141205,339,,,,245,0,11,-122
20141206,340,,,,241,0,17,-78
20141207,341,,,,234,0,17,-128
20141208,342,,,,242,56,11,-111
20141209,343,,,,237,13,6,-22
20141210,344,,,,218,0,11,-61
20141211,345,,,,222,0,-17,-94
20141212,346,,,,214,0,-17,-67
20141213,347,3.56,3.4737592,3.5190454,219,0,17,-22
20141214,348,3.48,3.4510272,3.4549294,236,0,44,17
20141215,349,3.31,3.438328,3.3530688,241,0,50,28
20141216,350,3,3.4171708,3.2689333,254,53,56,33
20141217,351,2.94,3.4097328,3.1514468,262,30,39,-61
20141218,352,2.97,3.4511225,3.144774,271,0,-39,-67
20141219,353,3.09,3.4748716,3.2280354,280,0,-33,-111
20141220,354,3.28,3.507236,3.301338,254,0,-28,-111
20141221,355,,,,238,0,-17,-39
20141222,356,,,,239,0,17,-17
20141223,357,3.4,3.4332495,3.3754897,259,178,28,0
20141224,358,3.26,3.3873765,3.2060652,272,18,22,0
20141225,359,3.21,3.4355392,3.086691,280,0,6,-11
20141226,360,3.23,3.446655,3.1069517,265,0,17,-44
20141227,361,3.21,3.444389,3.1892433,265,41,11,-39
20141228,362,3.24,3.4310434,3.172823,267,0,11,-100
20141229,363,3.35,3.4601035,3.229465,268,0,-33,-122
20141230,364,3.54,3.4778004,3.3447323,248,0,-89,-194
20141231,365,3.82,3.4988923,3.5741415,227,0,-133,-200
20150101,1,3.93,3.5065615,3.7251363,228,0,-83,-200
20150102,2,4.05,3.5313578,3.7866814,228,0,-44,-156
20150103,3,4.01,3.5287685,3.776183,228,20,-39,-150
20150104,4,,,,233,15,-11,-100
20150105,5,,,,242,0,-100,-261
20150106,6,,,,229,3,-178,-256
20150107,7,4.05,3.5592842,3.97447,224,0,-128,-222
20150108,8,4.17,3.5650659,3.9620848,222,0,-200,-228
20150109,9,4.07,3.5525208,4.024187,222,20,-144,-200
20150110,10,4.03,3.5567946,3.975646,222,0,-167,-211
20150111,11,3.98,3.5573575,4.0110717,222,0,-89,-211
20150112,12,3.89,3.5742838,3.9784188,222,0,-44,-178
20150113,13,3.89,3.568612,3.941475,222,0,-100,-233
20150114,14,3.94,3.5731564,3.976535,222,0,-89,-211
20150115,15,4.01,3.5705423,3.9609504,222,0,-61,-117
20150116,16,3.93,3.5474606,3.8969123,222,0,22,-67
20150117,17,3.79,3.5295339,3.8090813,222,0,-28,-83
20150118,18,3.7,3.517189,3.8223686,222,0,39,-39
20150119,19,3.62,3.501452,3.7417483,220,0,28,-39
20150120,20,3.61,3.4612627,3.7224193,220,13,-28,-61
20150121,21,3.65,3.484748,3.72367,220,0,-33,-61
20150122,22,3.66,3.4776278,3.718791,219,0,-11,-56
20150123,23,3.67,3.4703052,3.6988564,217,0,-6,-56
20150124,24,3.69,3.459665,3.6757963,217,0,17,-39
20150125,25,3.67,3.4601934,3.624027,217,0,17,-72
20150126,26,3.69,3.4679515,3.612505,220,0,-61,-139
20150127,27,3.81,3.487703,3.7011955,225,36,-50,-94
20150128,28,3.81,3.479996,3.6368544,225,0,-33,-56
20150129,29,3.79,2.8458245,3.6034174,230,0,-11,-83
20150130,30,3.78,3.4815643,3.6072772,234,0,11,-111
20150131,31,3.78,3.4759333,3.5984595,234,0,-56,-106
20150201,32,3.84,3.4945614,3.6355205,234,20,-22,-122
20150202,33,3.93,3.4939663,3.617845,232,5,-117,-189
20150203,34,4.06,3.5083315,3.753707,229,0,-94,-183
20150204,35,4.08,2.9687648,3.7994356,225,8,-78,-167
20150205,36,4.13,3.5224621,3.8131816,228,0,-83,-228
20150206,37,4.1,3.0013332,3.8855052,229,0,-78,-206
20150207,38,4.08,3.545764,3.9002748,237,0,-33,-106
20150208,39,3.96,3.5279877,3.8176641,239,0,-6,-94
20150209,40,3.83,3.4658566,3.7700388,241,0,-56,-117
20150210,41,3.86,2.974339,3.782594,242,0,-33,-156
20150211,42,3.94,3.4684336,3.7850072,242,46,-33,-139
20150212,43,3.94,2.979544,3.7406738,242,0,-17,-183
20150213,44,4.04,2.9259496,3.7675867,240,0,-100,-211
20150214,45,4.11,2.9510577,3.8635414,238,0,-56,-167
20150215,46,4.17,2.9751112,3.8363585,235,0,-144,-228
20150216,47,4.2,3.5166726,3.9352343,235,0,-133,-217
20150217,48,4.22,3.5332587,3.9502707,231,0,-89,-167
20150218,49,4.11,3.5150802,3.9134612,229,0,-111,-206
20150219,50,4.17,3.0164747,3.9462612,229,0,-172,-261
20150220,51,4.29,3.034511,4.0182195,229,0,-161,-261
20150221,52,4.3,3.055435,4.023696,227,3,-94,-194
20150222,53,4.15,3.0422542,3.942398,225,0,-17,-183
20150223,54,4.1,3.463431,3.8852172,223,0,-139,-261
20150224,55,4.12,3.053313,3.9840212,220,0,-78,-239
20150225,56,4.17,3.0491393,3.937542,218,0,0,-189
20150226,57,4.15,3.0247285,3.8483236,218,0,-89,-206
20150227,58,4.12,3.0389016,3.901304,217,0,-106,-211
20150228,59,4.15,3.0377028,3.9269028,218,0,-78,-222
20150301,60,4.18,3.0414007,3.9119334,220,0,-61,-183
20150302,61,4.14,3.0342817,3.887091,220,0,-28,-139
20150303,62,4.07,3.015973,3.8495448,227,0,-17,-122
20150304,63,4.01,3.0079322,3.8421452,233,15,-22,-156
20150305,64,3.96,3.0073993,3.8574576,235,0,-111,-222
20150306,65,4.06,3.0307074,3.9529772,246,0,-100,-189
20150307,66,4.11,3.0391252,3.9377317,256,0,6,-144
20150308,67,4.01,3.0322678,3.829774,268,0,50,-78
20150309,68,3.76,3.0264168,3.7324052,296,0,83,-72
20150310,69,,,,333,0,128,-33
20150311,70,3,3.1083925,3.3138933,372,0,167,-44
20150312,71,2.83,3.188495,3.0093772,386,0,133,-33
20150313,72,2.86,3.2238584,2.8220053,343,0,133,-17
20150314,73,2.95,3.1738808,2.840732,293,0,194,28
20150315,74,,,,278,0,128,-44
20150316,75,3.16,2.9525247,2.9191315,253,0,172,-17
20150317,76,,,,251,0,161,-17
20150318,77,,,,229,0,56,-28
20150319,78,,,,234,0,78,-22
20150320,79,,,,226,0,83,-11
20150321,80,,,,219,0,128,-6
20150322,81,,,,221,0,67,-44
20150323,82,,,,224,0,39,-39
20150324,83,,,,219,0,39,-89
20150325,84,,,,225,76,67,-44
20150326,85,,,,225,0,28,-33
20150327,86,,,,223,0,6,-100
20150328,87,,,,220,0,11,-111
20150329,88,,,,212,0,56,-72
20150330,89,,,,213,8,50,-11
20150331,90,,,,224,23,128,-6
20150401,91,3.3,2.5595045,3.047731,218,0,150,-28
20150402,92,3.19,2.4936762,3.011413,224,0,228,17
20150403,93,3.08,2.4235046,2.9233177,226,0,178,33
20150404,94,3.04,2.4143984,2.8937802,223,0,67,-61
20150405,95,3.04,2.4322624,3.0255368,223,53,111,-6
20150406,96,3.01,2.4308286,2.9775581,231,0,83,-17
20150407,97,3.07,2.4157815,2.9776804,229,0,72,0
20150408,98,3.03,2.4199715,2.9877272,236,81,83,0
20150409,99,2.81,2.4756556,2.9888442,291,94,39,6
20150410,100,2.49,2.6430538,2.77526,466,328,44,6
20150411,101,2.44,3.0015388,2.0158484,432,0,106,-22
20150412,102,2.44,3.0575073,2.3043814,344,0,183,39
20150413,103,2.56,3.0344515,2.4461179,302,18,233,83
20150414,104,2.59,2.9549487,2.4743423,288,0,183,0
20150415,105,2.57,2.9228845,2.6107025,276,0,206,0
20150416,106,2.63,2.9048645,2.6879299,262,0,172,-6
20150417,107,2.73,2.9058504,2.773204,245,0,222,56
20150418,108,,,,243,0,256,61
20150419,109,,,,245,0,167,61
20150420,110,2.59,2.838559,2.780391,268,104,194,56
20150421,111,2.6,2.911341,2.7188005,275,33,67,6
20150422,112,2.7,3.0448263,2.7448773,272,3,67,-11
20150423,113,2.76,3.1042552,2.8326113,253,0,50,-17
20150424,114,2.78,3.0617893,2.9324136,240,0,111,-44
20150425,115,2.83,2.9679496,2.9666424,229,5,144,22
20150426,116,2.84,2.8514104,2.9130642,224,0,128,-22
20150427,117,2.85,2.8049629,2.9721866,226,0,183,-22
20150428,118,2.79,2.7362347,2.949927,220,0,206,-6
20150429,119,2.79,2.6473439,2.9239168,216,0,194,33
20150430,120,2.73,2.5686812,2.873898,215,0,200,17
20150501,121,2.71,2.5073676,2.8639402,214,0,183,17
20150502,122,2.7,2.4641633,2.8523285,202,0,217,83
20150503,123,2.65,2.3936038,2.7430444,208,0,267,111
20150504,124,2.52,2.3539755,2.6739829,223,74,272,122
20150505,125,2.45,2.4219208,2.6422257,213,0,239,78
20150506,126,,,,208,8,183,94
20150507,127,,,,212,3,211,111
20150508,128,,,,208,0,289,156
20150509,129,,,,193,0,244,100
20150510,130,,,,199,0,178,44
20150511,131,,,,207,10,139,61
20150512,132,2.62,2.622138,2.727605,204,41,206,67
20150513,133,2.7,2.62537,2.6919506,196,0,106,-11
20150514,134,2.73,2.6486201,2.7636216,191,0,144,28
20150515,135,2.68,2.6226294,2.7205784,212,48,172,28
20150516,136,2.58,2.6453016,2.7564864,216,5,206,100
20150517,137,2.53,2.6528878,2.6742532,205,0,250,100
20150518,138,2.49,2.640532,2.65,207,20,250,128
20150519,139,2.48,2.6567264,2.6045446,187,0,150,33
20150520,140,2.56,2.6667657,2.6426086,192,0,122,-11
20150521,141,2.69,2.6829078,2.739103,183,0,150,44
20150522,142,2.68,2.6469376,2.6568358,182,0,228,22
20150523,143,2.63,2.600958,2.5869641,179,0,222,44
20150524,144,2.54,2.5702634,2.4909878,177,0,267,100
20150525,145,2.24,2.526535,2.3847692,263,328,183,128
20150526,146,,,,343,132,244,128
20150527,147,1.77,3.1198153,2.0838556,464,201,228,139
20150528,148,1.64,3.365326,1.9083565,450,91,244,117
20150529,149,1.8,3.2866771,1.9198761,348,8,289,156
20150530,150,1.81,3.2021813,2.093282,460,429,267,106
20150531,151,1.79,3.019795,1.7931782,437,25,144,17
20150601,152,1.87,3.0790563,2.0641353,365,0,161,39
20150602,153,2.09,3.0317173,2.2441187,301,0,189,33
20150603,154,2.24,2.9240375,2.463654,264,0,228,78
20150604,155,2.27,2.844081,2.5451508,253,18,250,150
20150605,156,2.34,2.7921302,2.4865937,244,0,211,144
20150606,157,2.45,2.7758267,2.5416481,236,0,217,50
20150607,158,2.39,2.7440102,2.6695154,248,66,222,111
20150608,159,2.32,2.7211616,2.610042,265,91,261,144
20150609,160,2.3,2.6935658,2.4935875,269,25,256,128
20150610,161,2.22,2.6697323,2.4886518,265,0,289,167
20150611,162,2.15,2.6390426,2.5045133,262,0,261,150
20150612,163,2.05,2.6371644,2.5492058,307,284,178,122
20150613,164,2.12,2.7521017,2.2264714,305,5,228,122
20150614,165,2.28,2.7751925,2.3346567,287,13,172,144
20150615,166,2.27,2.7869189,2.457999,328,0,267,167
20150616,167,2.27,2.8413634,2.282467,347,305,256,111
20150617,168,2.24,2.8487086,2.0616188,304,0,233,128
20150618,169,2.25,2.928101,2.3019361,272,0,256,139
20150619,170,,,,260,0,261,89
20150620,171,2.29,2.825603,2.5166147,244,0,228,106
20150621,172,2.35,2.769622,2.5730326,231,13,222,128
20150622,173,2.34,2.7037723,2.5730734,254,0,267,133
20150623,174,2.41,2.6795664,2.5658765,265,257,267,139
20150624,175,2.37,2.7056918,2.4041023,251,0,256,117
20150625,176,2.43,2.643974,2.4544852,227,0,278,150
20150626,177,2.41,2.5495303,2.469863,214,0,272,139
20150627,178,2.42,2.4858105,2.507514,204,0,244,122
20150628,179,2.46,2.454514,2.5382106,199,0,261,106
20150629,180,2.51,2.4127777,2.5432901,209,3,228,144
20150630,181,2.5,2.427216,2.5705786,208,0,250,139
20150701,182,2.56,2.3986816,2.5863907,194,0,233,78
20150702,183,2.54,2.3828096,2.5980284,198,0,217,83
20150703,184,2.58,2.377906,2.6077652,183,0,233,89
20150704,185,2.5,2.3457196,2.5296206,197,0,250,133
20150705,186,2.52,2.3468611,2.5176501,174,0,289,150
20150706,187,2.53,2.3011658,2.388767,187,0,289,150
20150707,188,2.54,2.307469,2.389002,189,38,272,128
20150708,189,2.53,2.307519,2.3813434,204,0,217,83
20150709,190,2.47,2.3506246,2.5094187,200,0,233,106
20150710,191,2.41,2.3619807,2.5740995,190,0,267,128
20150711,192,2.38,2.358395,2.5326142,180,0,294,144
20150712,193,2.39,2.3492246,2.4303164,177,0,278,156
20150713,194,2.29,2.3650665,2.3599336,208,267,289,172
20150714,195,2.06,2.4690511,2.2818727,261,178,294,183
20150715,196,,,,228,0,267,89
20150716,197,2.27,2.647924,2.3184087,214,0,244,117
20150717,198,2.27,2.6576934,2.3887393,213,61,244,117
20150718,199,2.2,2.650723,2.3982975,231,221,300,183
20150719,200,2.13,2.6874614,2.2555158,245,0,311,178
20150720,201,2.17,2.693227,2.2945466,233,0,278,167
20150721,202,2.19,2.6799018,2.393751,213,0,283,139
20150722,203,2.29,2.6147804,2.4397604,201,0,283,128
20150723,204,2.34,2.5456605,2.4434962,194,0,283,161
20150724,205,2.39,2.4938402,2.4133615,179,0,294,150
20150725,206,2.38,2.4204814,2.3425815,184,0,283,194
20150726,207,2.37,2.41339,2.3456967,180,0,306,150
20150727,208,2.37,2.3698573,2.3491461,183,0,294,133
20150728,209,2.42,2.3616147,2.377578,175,0,306,156
20150729,210,2.41,2.3370008,2.3338273,177,0,294,217
20150730,211,2.4,2.353682,2.3318596,183,0,289,178
20150731,212,2.44,2.36346,2.385413,156,0,294,178
20150801,213,2.4,2.3275862,2.2725132,163,0,278,144
20150802,214,2.4,2.3375928,2.250537,161,0,289,167
20150803,215,2.43,2.332701,2.2451108,158,0,333,144
20150804,216,2.42,2.3052635,2.215488,167,0,261,133
20150805,217,2.45,2.3389308,2.3041096,158,0,261,122
20150806,218,2.49,2.3388495,2.3253455,152,0,256,117
20150807,219,2.36,2.3390226,2.2889128,191,3,278,167
20150808,220,2.32,2.3988712,2.416075,227,330,206,167
20150809,221,2.34,2.539514,2.2009876,244,0,239,161
20150810,222,2.29,2.6699805,2.390256,208,5,272,183
20150811,223,2.33,2.6680992,2.280866,184,5,289,156
20150812,224,2.36,2.6284742,2.1915596,187,0,272,128
20150813,225,2.38,2.6204414,2.2562144,174,0,283,183
20150814,226,2.37,2.5851917,2.2551146,163,0,294,217
20150815,227,2.33,2.5485613,2.2331924,176,0,328,178
20150816,228,2.28,2.5272737,2.2790456,172,0,311,200
20150817,229,2.28,2.5215182,2.2978678,163,0,328,194
20150818,230,2.32,2.4845676,2.2426064,181,5,272,189
20150819,231,2.22,2.5307925,2.3216588,271,145,239,178
20150820,232,1.79,2.7504342,2.3422773,364,33,217,133
20150821,233,1.94,3.0546393,2.1663013,283,0,178,89
20150822,234,2.17,3.0277534,2.5370002,234,0,278,133
20150823,235,2.35,2.883883,2.5720096,226,56,272,167
20150824,236,2.44,2.7838037,2.520448,211,18,189,128
20150825,237,2.53,2.7114174,2.5362453,210,0,167,117
20150826,238,2.67,2.6747684,2.605887,203,0,156,128
20150827,239,2.74,2.6451883,2.6422613,190,0,233,89
20150828,240,2.73,2.545918,2.5975208,192,0,250,122
20150829,241,2.65,2.5052662,2.528511,209,127,200,139
20150830,242,2.67,2.5453718,2.5231545,211,0,200,106
20150831,243,2.66,2.520809,2.512273,207,0,244,122
20150901,244,2.7,2.4366636,2.5390034,192,0,272,161
20150902,245,2.64,2.379375,2.479879,196,0,311,161
20150903,246,2.53,2.25278,2.4624543,193,89,306,194
20150904,247,2.52,2.3596454,2.3702312,190,0,244,161
20150905,248,2.52,2.3293962,2.3488603,189,0,267,183
20150906,249,2.51,2.3139594,2.386561,188,0,311,194
20150907,250,,,,296,561,328,206
20150908,251,,,,411,8,267,200
20150909,252,,,,450,320,239,111
20150910,253,,,,391,10,244,150
20150911,254,,,,331,0,228,89
20150912,255,,,,295,23,167,61
20150913,256,,,,278,0,183,50
20150914,257,,,,257,0,217,78
20150915,258,,,,251,0,261,133
20150916,259,,,,222,0,283,161
20150917,260,2.64,2.6120403,2.5276947,231,0,283,172
20150918,261,2.49,2.5798018,2.549205,255,155,267,172
20150919,262,,,,331,333,233,111
20150920,263,2.44,2.7126222,1.988246,335,0,194,72
20150921,264,,,,281,0,206,83
20150922,265,,,,258,0,228,100
20150923,266,,,,248,0,256,128
20150924,267,,,,239,0,244,128
20150925,268,,,,225,0,244,133
20150926,269,,,,225,0,244,133
20150927,270,,,,222,0,239,106
20150928,271,,,,216,0,244,117
20150929,272,,,,221,28,267,111
20150930,273,,,,208,0,161,33
20151001,274,,,,212,0,167,33
20151002,275,,,,204,0,161,33
20151003,276,,,,208,0,161,61
20151004,277,,,,211,0,139,33
20151005,278,,,,207,3,117,56
20151006,279,,,,205,0,144,61
20151007,280,,,,209,0,194,61
20151008,281,,,,220,84,161,67
20151009,282,,,,218,0,183,83
20151010,283,,,,235,0,150,22
20151011,284,,,,217,0,172,39
20151012,285,,,,226,0,256,100
20151013,286,,,,210,13,200,83
20151014,287,,,,218,0,128,11
20151015,288,,,,197,0,172,28
20151016,289,,,,213,0,156,33
20151017,290,,,,208,0,83,-17
20151018,291,,,,208,0,89,-44
20151019,292,,,,204,0,128,-39
20151020,293,,,,214,3,206,72
20151021,294,,,,207,0,189,78
20151022,295,3.23,2.5882394,2.761842,206,0,217,22
20151023,296,3.06,2.569726,2.767001,221,0,161,39
20151024,297,3.09,2.615564,2.7985969,222,124,150,67
20151025,298,3.08,2.647671,2.8078382,226,3,156,17
20151026,299,3.12,2.6654148,2.802182,226,0,156,17
20151027,300,3.1,2.6890154,2.8552194,231,0,133,50
20151028,301,2.91,2.7145183,2.8520665,262,206,156,56
20151029,302,2.76,2.7737403,2.750015,297,81,106,11
20151030,303,2.67,2.9487376,2.5964959,289,0,78,17
20151031,304,2.71,3.0331552,2.712368,284,28,94,28
20151101,305,2.75,3.0441458,2.73735,277,56,89,67
20151102,306,2.79,3.0205102,2.7053165,273,0,133,67
20151103,307,2.77,3.0003467,2.6879892,272,0,194,33
20151104,308,2.84,2.963336,2.7048001,250,0,217,61
20151105,309,2.93,2.8450425,2.7271345,250,0,206,106
20151106,310,2.89,2.7775488,2.7051327,267,79,206,56
20151107,311,2.91,2.797238,2.6878467,261,0,100,17
20151108,312,2.92,2.8218527,2.7761624,248,0,78,-39
20151109,313,3.06,2.77569,2.931307,243,0,128,-17
20151110,314,3.11,2.7173543,2.927299,245,0,133,-39
20151111,315,3.16,2.6945584,2.9603593,240,0,117,-22
20151112,316,3.03,2.66813,2.965367,266,99,133,78
20151113,317,2.97,2.7103465,2.8021111,265,0,100,22
20151114,318,3.03,2.7503307,2.7898674,249,0,44,-56
20151115,319,3.06,2.7407582,2.9716253,247,0,106,-39
20151116,320,3.05,2.7160254,2.9642267,252,0,172,0
20151117,321,3.04,2.6932595,2.8998241,254,0,150,83
20151118,322,,,,309,224,144,89
20151119,323,2.56,2.8154316,2.4949558,329,28,139,17
20151120,324,2.53,3.0226095,2.462507,302,3,22,-22
20151121,325,2.67,3.146111,2.7422116,280,0,22,-28
20151122,326,2.81,3.1239848,2.894049,267,0,-11,-117
20151123,327,3.02,3.0521953,3.0260901,243,0,-11,-100
20151124,328,3.13,2.9430938,3.0980058,250,0,56,-39
20151125,329,3.19,2.8891895,3.0504184,244,0,50,-28
20151126,330,3.14,2.8409767,3.0586698,251,3,78,17
20151127,331,2.85,2.8169577,2.9836874,298,185,83,-22
20151128,332,2.79,3.0197473,2.7538443,296,0,-11,-100
20151129,333,2.87,3.1074855,2.8943698,277,0,0,-94
20151130,334,3.02,3.0674427,3.0785518,258,0,28,-83
20151201,335,3.03,2.9869277,3.1486795,274,41,44,-33
20151202,336,3.03,2.9933796,3.0506594,284,28,44,-28
20151203,337,3.01,3.0280437,2.9615893,267,0,28,-28
20151204,338,3.05,2.9803183,3.0351217,256,0,50,-39
20151205,339,3.11,2.9150052,3.0789337,252,0,94,-39
20151206,340,3.24,2.856409,3.0626059,242,0,83,-39
20151207,341,3.19,2.7934048,3.0820408,247,0,44,-11
20151208,342,3.34,2.7724676,3.0709429,237,0,44,6
20151209,343,3.37,2.7356105,3.059938,241,0,72,28
20151210,344,3.38,2.7214396,3.0162034,236,0,72,11
20151211,345,3.31,2.7015226,3.0200386,242,43,133,22
20151212,346,3.33,2.7135112,2.9604723,240,0,50,6
20151213,347,,,,367,307,56,6
20151214,348,1.87,3.1582987,2.2483604,956,462,133,56
20151215,349,1.51,2.9371178,1.6477727,894,249,89,-6
20151216,350,1.73,2.769461,1.8062282,683,18,44,0
20151217,351,2.15,2.934238,1.9461889,502,18,83,-33
20151218,352,2.34,3.1835897,2.1270206,413,0,-11,-78
20151219,353,2.51,3.3254585,2.488698,379,0,-50,-117
20151220,354,2.75,3.3992362,2.9385552,347,0,-22,-117
20151221,355,2.99,3.4799669,3.2552233,331,10,61,-22
20151222,356,3.1,3.5209775,3.1715806,325,10,28,-17
20151223,357,3.19,3.563066,3.1627321,319,3,39,-11
20151224,358,3.11,3.5953412,3.1459231,324,38,106,-17
20151225,359,3.12,3.6105924,2.9530942,315,0,-6,-44
20151226,360,3.15,3.6143408,3.1088016,305,0,-6,-17
20151227,361,3.24,3.5788598,3.1846707,303,3,17,-17
20151228,362,3.21,3.5532453,3.1377492,298,0,11,-67
20151229,363,3.25,3.5366194,3.1964748,305,206,-33,-72
20151230,364,3.38,3.509614,2.993024,317,0,-22,-72
20151231,365,3.28,3.5889754,3.080527,300,10,-28,-61
20160101,1,3.35,3.5465045,3.2337213,289,0,-44,-89
20160102,2,3.41,3.5261729,3.3679357,287,0,-33,-89
20160103,3,3.46,3.5182195,3.4075928,286,0,11,-89
20160104,4,3.46,3.514522,3.3867,275,0,-22,-100
20160105,5,3.48,3.5032215,3.4683125,268,0,-50,-156
20160106,6,3.54,3.5148416,3.5934296,274,0,-6,-133
20160107,7,3.53,3.524882,3.5597262,278,0,17,-89
20160108,8,3.35,3.5180788,3.4844718,295,102,11,-17
20160109,9,3.23,3.4997134,3.2457778,301,91,22,-17
20160110,10,3.24,3.520475,3.070211,297,5,6,-167
20160111,11,3.4,3.5336285,3.2814586,282,0,-156,-233
20160112,12,3.47,3.5265565,3.6744943,262,18,-133,-233
20160113,13,3.68,3.5334687,3.8284516,249,0,-150,-222
20160114,14,3.79,3.5452049,3.91294,251,5,-100,-206
20160115,15,3.77,3.5648336,3.9012663,258,0,-6,-100
20160116,16,3.66,3.5558128,3.7739978,255,0,-6,-100
20160117,17,3.65,3.545002,3.7609918,246,0,-100,-233
20160118,18,3.82,3.5700004,3.9093013,239,0,-189,-239
20160119,19,4.15,3.5746222,4.0111265,236,0,-172,-239
20160120,20,4.16,3.5883663,4.014404,238,0,-100,-211
20160121,21,3.9,3.5999439,3.9556665,238,0,-61,-122
20160122,22,3.84,3.5783715,3.8952367,237,0,-50,-61
20160123,23,3.8,3.5495663,3.8469024,235,0,-28,-150
20160124,24,3.76,3.5723078,3.8669903,235,0,-6,-150
20160125,25,3.73,3.57723,3.8515372,236,0,-28,-56
20160126,26,3.68,3.5408356,3.7973545,242,124,-11,-44
20160127,27,3.61,3.488948,3.63025,240,0,-11,-78
20160128,28,3.59,3.5103326,3.6214695,238,0,28,-78
20160129,29,3.61,3.5119472,3.6283166,234,5,11,-189
20160130,30,3.68,3.5484931,3.7098138,241,0,6,-183
20160131,31,3.6,3.5687306,3.7203412,246,3,67,0
20160201,32,3.55,3.5088706,3.5385196,246,20,28,-33
20160202,33,3.54,3.49422,3.5021102,241,0,39,-83
20160203,34,3.49,3.5079288,3.507183,246,198,6,-50
20160204,35,3.49,3.4208324,3.3194973,239,10,0,-117
20160205,36,3.58,3.462777,3.3746905,235,0,-28,-128
20160206,37,3.54,3.491211,3.490288,235,0,-28,-94
20160207,38,3.57,3.5030043,3.5119758,237,0,6,-39
20160208,39,3.59,3.4902732,3.4538498,242,0,50,-44
20160209,40,3.63,3.4919007,3.4001226,237,3,-11,-117
20160210,41,3.66,3.5136986,3.4887536,232,0,-94,-133
20160211,42,3.76,3.5267737,3.5979009,230,0,-100,-194
20160212,43,3.85,3.5592895,3.7191947,225,0,-83,-178
20160213,44,3.97,3.5624702,3.7635584,220,0,-100,-217
20160214,45,4,3.575656,3.845693,210,0,-122,-261
20160215,46,4.06,3.5887008,3.9190493,222,5,-67,-261
20160216,47,,,,224,0,-44,-89
20160217,48,,,,224,3,6,-144
20160218,49,3.72,3.5752127,3.8161707,227,0,-39,-167
20160219,50,3.84,3.5791361,3.8328648,238,0,33,-128
20160220,51,,,,246,0,89,22
20160221,52,,,,259,0,72,-39
20160222,53,,,,251,0,11,-28
20160223,54,,,,245,0,11,-72
20160224,55,,,,251,0,6,-44
20160225,56,,,,248,0,28,-28
20160226,57,,,,239,0,11,-78
20160227,58,,,,244,0,17,-78
20160228,59,,,,266,0,133,-6
20160229,60,,,,280,10,50,-22
20160301,61,,,,269,3,28,-94
20160302,62,3.33,3.474968,3.2259557,277,33,-50,-156
20160303,63,3.48,3.483859,3.360434,251,0,-28,-106
20160304,64,3.57,3.4416401,3.4320612,242,0,6,-106
20160305,65,3.55,3.444755,3.4776096,239,38,22,-39
20160306,66,3.46,3.3184326,3.390543,248,0,22,-11
20160307,67,3.34,3.3622088,3.3163817,270,0,100,0
20160308,68,2.83,3.3491063,3.1517408,375,0,167,83
20160309,69,2.28,3.3750262,2.4836245,497,10,183,67
20160310,70,2.17,3.32057,2.1966345,454,3,83,33
20160311,71,2.4,3.2754023,2.3412979,378,0,94,-33
20160312,72,2.58,3.2552893,2.546267,347,0,117,-17
20160313,73,2.6,3.2856982,2.6217177,340,0,217,67
20160314,74,2.61,3.3243744,2.4809198,333,53,117,33
20160315,75,2.59,3.2852817,2.5163436,342,3,150,33
20160316,76,1.67,3.3529127,2.4856083,1010,493,117,44
20160317,77,1.44,2.7176383,1.6128342,914,130,67,17
20160318,78,1.65,2.604719,1.855834,778,15,67,-11
20160319,79,2.01,2.6917145,1.9423716,567,0,44,-33
20160320,80,2.15,2.811433,2.1147454,480,0,56,-67
20160321,81,2.31,2.8569682,2.2779877,431,0,72,-50
20160322,82,2.52,2.8747616,2.4964943,384,0,89,-33
20160323,83,2.66,2.8948283,2.6849728,358,0,106,-11
20160324,84,2.72,2.9155009,2.69185,360,206,22,-33
20160325,85,2.83,2.8243823,2.5806975,351,15,-6,-122
20160326,86,2.83,2.9821126,2.8434062,360,0,50,-78
20160327,87,2.68,3.0240986,2.9011416,397,3,83,-22
20160328,88,2.57,3.0110912,2.6406496,394,0,72,17
20160329,89,2.63,2.9954674,2.5975718,362,0,139,0
20160330,90,2.66,2.9819822,2.5704627,354,0,156,22
20160331,91,2.04,2.955663,2.4910502,640,315,83,44
20160401,92,1.83,2.8870566,1.9648364,667,46,50,-22
20160402,93,2.02,2.8063784,2.0052037,555,20,72,-33
20160403,94,2.35,2.8763707,2.1406865,447,23,6,-78
20160404,95,2.5,2.8811657,2.4567413,401,0,83,-44
20160405,96,2.62,2.8991296,2.6434414,377,0,61,-67
20160406,97,2.67,2.892793,2.8248787,384,28,61,-6
20160407,98,2.7,2.8812816,2.6995108,381,46,67,-6
20160408,99,2.69,2.858519,2.5991712,374,0,50,-11
20160409,100,2.73,2.9590647,2.6610296,362,66,17,-89
20160410,101,2.78,2.8833685,2.8247516,352,0,11,-67
20160411,102,2.84,2.8589156,3.0051966,335,0,133,6
20160412,103,2.91,2.8097687,2.8475165,319,0,56,-39
20160413,104,2.92,2.9025726,2.922784,310,20,100,0
20160414,105,2.97,2.7836328,2.8552623,308,13,72,-6
20160415,106,2.96,2.8289979,2.8161116,305,0,189,0
20160416,107,2.91,2.7203615,2.7075162,297,0,206,33
20160417,108,2.86,2.6731052,2.6430855,291,0,256,50
20160418,109,2.84,2.613704,2.5934608,288,0,272,78
20160419,110,2.77,2.566606,2.5550785,279,0,289,56
20160420,111,2.84,2.5097396,2.5836105,269,0,117,72
20160421,112,2.91,2.5610557,2.7127903,273,5,194,94
20160422,113,2.84,2.5259275,2.659406,277,28,222,67
20160423,114,2.83,2.5151348,2.622151,272,0,139,11
20160424,115,2.79,2.571523,2.732302,283,36,167,44
20160425,116,2.73,2.5782444,2.679784,305,112,94,56
20160426,117,2.67,2.6903362,2.5904503,307,18,178,22
20160427,118,2.75,2.7032151,2.557937,289,0,94,0
20160428,119,2.76,2.7491891,2.7152047,290,0,122,28
20160429,120,2.82,2.758427,2.7083957,290,71,67,28
20160430,121,2.85,2.7804778,2.7210279,284,0,139,17
20160501,122,2.85,2.7748964,2.6974308,279,5,117,50
20160502,123,2.87,2.7882295,2.7168975,275,0,156,6
20160503,124,2.85,2.7981753,2.742818,265,0,189,39
20160504,125,2.8,2.7697496,2.7370217,273,30,222,44
20160505,126,2.81,2.729057,2.6780756,268,0,156,17
20160506,127,2.76,2.757868,2.735112,264,0,206,72
20160507,128,2.68,2.7270885,2.702272,262,0,322,128
20160508,129,2.64,2.6549654,2.6091864,257,0,217,44
20160509,130,2.69,2.661891,2.7053545,253,0,222,44
20160510,131,2.73,2.640406,2.7378633,257,23,194,83
20160511,132,2.76,2.661771,2.7074983,272,127,94,72
20160512,133,2.76,2.7940495,2.6921294,284,79,144,94
20160513,134,2.65,2.8269188,2.5889025,291,0,194,72
20160514,135,2.67,2.832179,2.5667503,286,33,94,22
20160515,136,2.74,2.8619022,2.6885853,275,0,78,-11
20160516,137,2.81,2.8816504,2.7983289,267,0,144,11
20160517,138,2.82,2.8629918,2.8010826,257,0,200,17
20160518,139,2.8,2.831883,2.791505,251,0,178,6
20160519,140,2.79,2.844182,2.8289876,243,0,206,50
20160520,141,2.78,2.7979906,2.7982082,239,0,239,56
20160521,142,2.74,2.7398758,2.7859724,236,0,244,56
20160522,143,2.71,2.6952107,2.782666,233,0,267,89
20160523,144,2.67,2.6526744,2.745245,237,0,283,100
20160524,145,2.69,2.651878,2.717028,230,0,300,117
20160525,146,2.67,2.6479402,2.6901367,243,0,283,128
20160526,147,2.39,2.7193856,2.665274,314,257,256,150
20160527,148,2.22,3.0189853,2.335658,326,15,267,133
20160528,149,2.12,2.9662464,2.3175666,376,335,233,183
20160529,150,2.16,2.9991539,1.9892284,359,23,278,156
20160530,151,2.25,2.8951542,2.0837448,316,10,244,128
20160531,152,2.43,2.744372,2.2828364,284,0,272,139
20160601,153,2.38,2.654009,2.4004464,319,208,233,156
20160602,154,2.42,2.6860354,2.212896,301,13,261,106
20160603,155,2.48,2.6418025,2.2853608,289,0,222,83
20160604,156,1.93,2.6180472,2.4542112,569,340,267,139
20160605,157,1.6,2.5805597,1.8197414,606,8,222,133
20160606,158,1.69,2.5303075,1.8102446,458,5,244,111
20160607,159,2.05,2.5294683,1.9331701,360,13,217,111
20160608,160,2.26,2.559809,2.15087,331,0,194,56
20160609,161,2.38,2.5954962,2.324741,307,0,222,100
20160610,162,2.5,2.6264584,2.4026787,291,36,250,144
20160611,163,2.59,2.6199102,2.367099,281,41,317,172
20160612,164,2.58,2.599377,2.3188634,279,0,317,133
20160613,165,2.43,2.5757399,2.3986564,335,33,233,117
20160614,166,2.25,2.6146555,2.282989,405,264,200,100
20160615,167,1.95,2.6455898,2.0270162,491,300,250,161
20160616,168,2.15,2.6702456,1.8474526,408,152,278,150
20160617,169,2.36,2.710271,1.930536,334,0,211,128
20160618,170,2.37,2.7434382,2.1924677,311,0,283,150
20160619,171,2.47,2.690765,2.2729735,288,0,306,150
20160620,172,2.61,2.6436083,2.340096,268,0,311,217
20160621,173,2.69,2.6784623,2.3699534,247,0,278,133
20160622,174,2.74,2.6032023,2.4812899,245,0,267,128
20160623,175,2.72,2.6101933,2.53299,256,137,267,139
20160624,176,2.73,2.6036582,2.467387,261,0,244,122
20160625,177,2.68,2.600276,2.4841666,245,0,283,172
20160626,178,2.46,2.562485,2.5112505,297,201,322,200
20160627,179,2.27,2.5640585,2.2672765,339,0,300,172
20160628,180,2.2,2.682559,2.1839132,290,0,244,128
20160629,181,2.5,3.0070145,2.442773,265,0,244,106
20160630,182,2.62,2.66744,2.554259,259,0,261,122
20160701,183,2.67,2.654255,2.568017,278,142,233,117
20160702,184,2.51,2.6465735,2.479068,297,0,239,106
20160703,185,2.49,2.6990666,2.4268053,266,0,256,117
20160704,186,2.69,2.6883247,2.5461862,250,0,261,100
20160705,187,2.73,2.6552324,2.6143029,249,0,256,167
20160706,188,2.75,2.652005,2.5929632,244,23,311,189
20160707,189,2.7,2.5953205,2.5499425,243,0,294,178
20160708,190,2.66,2.5618415,2.5614367,253,109,256,183
20160709,191,2.65,2.5856268,2.5211692,250,36,261,144
20160710,192,2.7,2.531643,2.5254028,230,0,272,144
20160711,193,2.71,2.4712827,2.5757244,245,10,272,144
20160712,194,2.72,2.4690466,2.5988967,236,15,311,183
20160713,195,2.67,2.422374,2.5720084,240,0,294,183
20160714,196,2.66,2.424549,2.5801396,228,0,317,200
20160715,197,2.69,2.3906534,2.5834022,226,8,250,144
20160716,198,2.76,2.4168744,2.6268792,221,0,217,106
20160717,199,2.72,2.4181807,2.688283,242,140,256,144
20160718,200,2.72,2.391839,2.6476705,252,15,278,156
20160719,201,2.6,2.3872583,2.5645223,234,0,289,156
20160720,202,2.62,2.3565893,2.5947278,218,0,294,167
20160721,203,2.57,2.3339047,2.6010377,231,0,306,206
20160722,204,2.62,2.3442898,2.5943923,234,145,317,183
20160723,205,2.61,2.332563,2.5668495,219,0,333,167
20160724,206,2.59,2.2927573,2.5411143,232,99,294,211
20160725,207,2.67,2.3387287,2.509592,247,0,306,183
20160726,208,2.57,2.334335,2.5149744,230,0,306,167
20160727,209,2.68,2.3117678,2.5646634,219,0,317,206
20160728,210,2.6,2.3031921,2.5643373,236,234,278,189
20160729,211,2.72,2.3619392,2.4796414,243,0,244,150
20160730,212,2.68,2.3739977,2.4949489,233,0,244,161
20160731,213,2.72,2.3713224,2.5415525,223,0,256,122
20160801,214,2.71,2.3462465,2.594996,220,0,278,144
20160802,215,2.77,2.3280008,2.592311,199,0,283,167
20160803,216,2.77,2.3134513,2.535996,205,8,294,200
20160804,217,2.76,2.1691375,2.5049992,221,0,317,217
20160805,218,2.65,2.3304896,2.529606,231,79,311,183
20160806,219,2.65,2.3251455,2.5227685,231,0,272,156
20160807,220,2.68,2.3477454,2.553618,207,0,278,133
20160808,221,2.74,2.3177578,2.5731812,213,0,272,128
20160809,222,2.78,2.3238132,2.6041405,204,0,272,156
20160810,223,2.77,2.3176904,2.5811868,192,0,300,200
20160811,224,2.76,2.300594,2.5046432,199,0,322,233
20160812,225,2.76,2.3056319,2.4808948,207,33,311,206
20160813,226,2.64,2.311419,2.4680712,231,20,256,189
20160814,227,2.58,2.3689046,2.5157833,238,0,267,156
20160815,228,2.58,2.3711252,2.5835247,221,0,283,150
20160816,229,2.71,2.3413155,2.6143098,209,0,278,178
20160817,230,2.71,2.3271236,2.5989027,209,33,294,178
20160818,231,2.72,2.292685,2.559038,204,0,294,167
20160819,232,2.69,2.334801,2.5312586,212,81,306,194
20160820,233,2.62,2.0520568,2.5024748,228,71,267,183
20160821,234,2.64,2.3420172,2.486179,232,3,228,139
20160822,235,2.71,2.4735904,2.5649028,220,5,222,94
20160823,236,2.77,2.1133318,2.6543262,210,0,261,94
20160824,237,2.53,2.3671937,2.655346,259,292,278,178
20160825,238,2.43,2.5666258,2.4447992,266,0,267,172
20160826,239,2.39,2.5880818,2.423202,264,0,267,122
20160827,240,2.52,2.506246,2.4999464,240,36,222,150
20160828,241,2.67,2.5674033,2.5168967,234,5,189,156
20160829,242,2.74,2.4972003,2.556634,237,0,267,172
20160830,243,2.68,2.4539084,2.563963,222,0,300,183
20160831,244,2.67,2.3981936,2.5527472,219,0,294,117
20160901,245,2.7,2.3463168,2.597523,221,0,261,128
20160902,246,2.73,2.375072,2.6255977,214,0,261,94
20160903,247,2.8,2.3492696,2.6598299,210,0,233,83
20160904,248,2.84,2.3369644,2.683247,203,0,244,111
20160905,249,2.87,2.323028,2.645259,211,0,256,139
20160906,250,2.84,2.1767528,2.627705,215,0,289,139
20160907,251,2.23,2.1370454,2.618425,313,0,300,200
20160908,252,2.11,2.4658592,2.3941681,311,43,239,194
20160909,253,2.2,2.289707,2.367741,266,0,261,117
20160910,254,2.45,2.456456,2.5503063,268,58,206,133
20160911,255,2.54,2.522329,2.5635734,284,23,211,78
20160912,256,2.58,2.3416603,2.5501194,262,0,233,100
20160913,257,2.6,2.4922717,2.6186445,266,81,256,139
20160914,258,2.6,2.3441467,2.56223,274,0,206,122
20160915,259,2.59,2.5733914,2.5581875,262,0,217,106
20160916,260,2.58,2.416594,2.6325119,256,41,244,133
20160917,261,2.6,2.5213745,2.6047754,271,36,217,122
20160918,262,2.58,2.4302082,2.560806,266,0,228,106
20160919,263,,,,256,0,250,122
20160920,264,2.74,2.5605803,2.6264668,248,15,233,100
20160921,265,2.67,2.4365911,2.6626623,263,97,267,133
20160922,266,1.97,2.5336533,2.583266,514,523,217,156
20160923,267,1.65,2.774127,1.694524,543,8,228,144
20160924,268,1.74,2.9025688,1.8521417,455,0,211,128
20160925,269,1.99,2.885806,1.9566224,385,0,206,128
20160926,270,2.13,2.9041455,2.1030395,363,132,250,111
20160927,271,2.28,2.8266523,2.1105719,340,0,178,106
20160928,272,2.4,2.9282606,2.2368884,306,20,139,94
20160929,273,2.59,2.9464543,2.4233198,291,0,172,94
20160930,274,2.69,2.9752789,2.4864194,277,0,228,94
20161001,275,2.77,2.9635625,2.5147839,269,10,167,133
20161002,276,2.8,2.9449253,2.543377,261,0,178,128
20161003,277,2.84,2.9427054,2.584369,251,0,200,83
20161004,278,2.87,2.9197881,2.6532562,249,0,200,94
20161005,279,2.85,2.902318,2.6715858,247,0,211,128
20161006,280,2.8,2.882199,2.6555283,245,8,211,83
20161007,281,2.85,2.8616655,2.6967626,237,0,222,94
20161008,282,2.89,2.8313642,2.703143,237,0,117,22
20161009,283,2.98,2.8773925,2.8493514,232,0,117,17
20161010,284,3.04,2.8984432,2.8869271,231,0,139,28
20161011,285,3.05,2.8998585,2.889395,231,0,211,39
20161012,286,3,2.8577256,2.8498087,237,0,222,111
20161013,287,2.97,2.8486657,2.7640028,242,66,122,0
20161014,288,2.98,2.8980687,2.8725739,244,0,72,-17
20161015,289,2.98,2.928483,2.9061112,244,0,150,0
20161016,290,2.99,2.884131,2.9021673,241,0,183,111
20161017,291,3.01,2.8223152,2.7842877,228,0,217,122
20161018,292,2.93,2.746139,2.7485113,235,5,244,117
20161019,293,2.89,2.7251294,2.7172654,230,0,189,50
20161020,294,2.92,2.7155306,2.7888296,226,0,189,33
20161021,295,2.98,2.6698036,2.8253624,228,0,83,11
20161022,296,3.06,2.683571,2.9189916,221,0,89,0
20161023,297,3.11,2.6445704,2.944729,218,0,139,0
20161024,298,3.11,2.5906484,2.9344378,225,0,178,0
20161025,299,3.13,2.5590775,2.9199944,221,0,111,-22
20161026,300,2.89,2.547572,2.9644332,270,234,111,-17
20161027,301,2.59,2.6766105,2.8131964,339,86,61,28
20161028,302,2.55,2.9245965,2.4598312,338,0,78,33
20161029,303,2.54,3.1674163,2.5333714,295,0,161,61
20161030,304,2.61,3.1806982,2.633856,286,61,144,61
20161031,305,2.63,3.1697247,2.6351016,287,0,106,17
20161101,306,2.71,3.2025855,2.6783552,270,0,117,50
20161102,307,2.81,3.1101925,2.7520723,259,0,189,50
20161103,308,2.85,3.0045269,2.7450597,246,0,150,44
20161104,309,2.93,2.9069686,2.8014867,243,0,156,11
20161105,310,2.97,2.8381276,2.854716,241,0,161,11
20161106,311,3,2.7856448,2.8726282,239,0,194,17
20161107,312,3.03,2.7385402,2.8647935,235,0,200,17
20161108,313,3.06,2.700735,2.868116,236,10,167,33
20161109,314,3.08,2.6878843,2.8634434,228,0,133,-6
20161110,315,3.11,2.6752946,2.9198108,230,0,178,22
20161111,316,3.12,2.6519177,2.8864183,225,0,128,39
20161112,317,3.19,2.6323702,2.8921924,222,0,89,-50
20161113,318,3.21,2.633184,2.9975588,221,0,106,-22
20161114,319,3.26,2.6122215,2.9763937,223,0,156,0
20161115,320,3.24,2.5895066,2.9453347,219,0,156,33
20161116,321,3.25,2.5587175,2.898044,218,0,111,-6
20161117,322,3.23,2.5523078,2.9419653,218,0,122,0
20161118,323,3.23,2.541962,2.92931,223,0,172,61
20161119,324,3.2,2.5279024,2.8537798,216,0,183,-17
20161120,325,3.27,2.512518,2.9028072,216,0,6,-50
20161121,326,3.33,2.527349,3.0189774,214,0,-6,-72
20161122,327,3.4,2.5475812,3.062651,215,0,0,-67
20161123,328,3.42,2.5701985,3.0755951,225,46,28,-33
20161124,329,3.29,2.608589,3.0513597,241,76,28,17
20161125,330,3.25,2.6675696,2.9712925,241,0,33,6
20161126,331,3.23,2.6675444,2.955271,232,0,28,-22
20161127,332,3.25,2.6582432,3.0173197,230,0,67,-39
20161128,333,2.96,2.6596453,3.0294466,303,191,44,-17
20161129,334,2.68,2.913431,2.7303739,430,211,78,33
20161130,335,2.51,3.3489919,2.2244477,407,0,72,-17
20161201,336,2.59,3.492743,2.3929324,365,13,44,6
20161202,337,2.75,3.5372834,2.5675225,344,5,44,-11
20161203,338,2.85,3.537618,2.6556141,330,0,6,-17
20161204,339,2.91,3.4654403,2.7845204,320,0,-6,-28
20161205,340,3.03,3.3654099,2.9041405,310,79,6,-22
20161206,341,3.14,3.2782288,2.9207878,309,0,11,-11
20161207,342,3.21,3.2872572,2.9033895,307,0,6,-78
20161208,343,3.26,3.2517266,3.0214908,297,0,-44,-94
20161209,344,3.36,3.2104716,3.2187214,294,0,-28,-94
20161210,345,3.42,3.1953897,3.284236,291,0,-61,-111
20161211,346,3.56,3.1965458,3.3956313,288,30,-83,-111
20161212,347,3.56,3.1984835,3.451737,285,61,-56,-94
20161213,348,3.56,3.199478,3.4164762,282,0,-67,-183
20161214,349,3.73,3.2313893,3.5945816,282,0,-122,-183
20161215,350,3.78,3.2495673,3.7202454,279,0,-122,-217
20161216,351,3.95,3.277413,3.8207965,273,0,-122,-217
20161217,352,3.89,3.2897325,3.8865728,273,119,-100,-144
20161218,353,3.8,3.2608824,3.7175446,270,56,-72,-239
20161219,354,3.74,3.3000884,3.8050086,264,0,-194,-256
20161220,355,3.74,3.3239658,3.985101,261,0,-67,-228
20161221,356,3.75,3.3522103,3.9253361,264,0,44,-67
20161222,357,,,,264,0,17,-44
20161223,358,,,,264,0,22,-78
20161224,359,,,,264,91,17,-28
20161225,360,,,,273,0,11,-28
20161226,361,,,,303,198,44,-22
20161227,362,,,,337,0,56,-83
20161228,363,,,,343,0,-67,-89
20161229,364,,,,327,0,22,-78
20161230,365,,,,297,0,-11,-94
20161231,366,,,,282,0,-22,-94
20170101,1,,,,279,0,-28,-100
20170102,2,,,,269,0,-6,-94
20170103,3,3.61,3.2091126,3.541653,261,69,11,-28
20170104,4,3.63,3.1550207,3.4244716,254,0,6,-183
20170105,5,3.87,3.1515632,3.562586,253,0,-133,-206
20170106,6,4.07,3.1712127,3.7600951,252,0,-156,-239
20170107,7,4.23,3.213325,3.8731165,253,0,-150,-239
20170108,8,4.32,3.2578866,3.9239593,254,0,-144,-239
20170109,9,4.25,3.2804685,3.94917,253,10,-89,-211
20170110,10,4.11,3.2887328,3.9117274,253,71,-6,-94
20170111,11,4.05,3.257818,3.7502077,249,114,11,-133
20170112,12,3.95,3.2355235,3.6918187,248,3,-89,-128
20170113,13,3.97,3.221704,3.7614563,247,0,-83,-200
20170114,14,3.99,3.2441945,3.8454337,246,0,-128,-200
20170115,15,4.04,3.2526646,3.9065676,245,0,-56,-189
20170116,16,4.07,3.2567933,3.8751972,244,0,-22,-194
20170117,17,4,3.2542772,3.8620129,241,109,0,-111
20170118,18,3.94,3.2060027,3.7405937,241,0,11,-6
20170119,19,3.89,3.139784,3.6210165,257,0,50,-28
20170120,20,3.62,3.1701164,3.564501,278,0,11,-11
20170121,21,3.54,3.189962,3.4612608,300,56,17,6
20170122,22,3.5,3.2671773,3.2413409,350,0,22,6
20170123,23,3.34,3.4189837,2.9782746,407,0,33,6
20170124,24,3.16,3.5567956,2.7172384,417,0,39,11
20170125,25,3.11,3.5469022,2.6839974,377,36,28,0
20170126,26,3.1,3.5061462,2.7953093,345,38,11,-28
20170127,27,3.13,3.4477642,2.9353507,336,0,6,-56
20170128,28,3.25,3.383076,3.0633814,319,0,-28,-72
20170129,29,3.37,3.2763612,3.2675464,302,0,-22,-67
20170130,30,3.5,3.1997125,3.3576543,289,0,-44,-156
20170131,31,3.61,3.1558294,3.5321975,272,74,-67,-144
20170201,32,3.6,3.1143968,3.5716455,272,8,0,-89
20170202,33,3.66,3.0934014,3.4950643,271,0,-33,-167
20170203,34,3.83,3.1401176,3.6156394,269,0,-100,-178
20170204,35,3.88,3.1376355,3.725387,266,0,-78,-183
20170205,36,3.91,3.1695669,3.7687812,268,0,-22,-128
20170206,37,3.72,3.1901338,3.7039316,263,0,-17,-133
20170207,38,3.64,3.1866179,3.7114525,268,0,17,-133
20170208,39,3.62,3.1834216,3.6654997,268,5,-6,-100
20170209,40,3.71,3.1831522,3.6250205,279,0,-83,-178
20170210,41,3.84,3.2165291,3.7028742,273,0,-50,-172
20170211,42,3.74,3.2187724,3.7341976,279,0,28,-94
20170212,43,3.59,3.2259812,3.6075358,279,5,33,-11
20170213,44,,,,279,0,33,-56
20170214,45,,,,265,0,67,-56
20170215,46,,,,264,0,56,-72
20170216,47,3.62,3.1338863,3.4240532,263,0,-22,-72
20170217,48,3.63,3.11585,3.4587915,264,0,-6,-72
20170218,49,3.47,3.1218386,3.439145,281,0,111,-61
20170219,50,3.23,3.1241198,3.25524,312,0,117,-17
20170220,51,2.92,3.1844926,2.9593427,363,0,139,-6
20170221,52,2.49,3.3228197,2.5927832,512,79,117,33
20170222,53,,,,582,0,150,11
20170223,54,,,,513,0,183,6
20170224,55,,,,435,127,72,-28
20170225,56,,,,400,30,-22,-94
20170226,57,,,,369,0,-50,-106
20170227,58,2.93,3.33583,2.8059974,353,0,44,-78
20170228,59,2.96,3.3376348,2.8929307,356,10,56,-44
20170301,60,2.85,3.3670788,2.828468,378,18,33,-11
20170302,61,2.89,3.3144145,2.7149065,381,74,-11,-94
20170303,62,2.92,3.327782,2.8321357,357,0,-22,-150
20170304,63,3.1,3.3954906,3.1971254,328,0,-50,-133
20170305,64,3.22,3.2573106,3.4987793,322,0,6,-61
20170306,65,3.11,3.2339861,3.4088464,347,15,83,-11
20170307,66,2.56,3.0178375,3.0884352,518,132,144,11
20170308,67,2.34,3.2546597,2.3881917,498,0,94,-11
20170309,68,2.41,3.233129,2.4047112,421,0,28,-39
20170310,69,2.65,3.2271135,2.7109826,358,0,28,-122
20170311,70,2.87,3.2093186,3.119984,336,0,-56,-144
20170312,71,3.03,3.0296915,3.4728723,320,0,-28,-133
20170313,72,3.15,2.976885,3.5653203,312,18,-33,-122
20170314,73,3.25,2.9830248,3.565779,298,0,-33,-144
20170315,74,3.38,2.9875426,3.6516993,289,0,-17,-128
20170316,75,3.45,2.988068,3.6672015,284,0,22,-94
20170317,76,3.43,2.9838831,3.6096213,284,13,56,-94
20170318,77,3.41,3.1001291,3.5339198,286,10,28,-6
20170319,78,3.31,3.0893166,3.4030113,300,0,50,-61
20170320,79,3.15,3.0913558,3.3084304,305,0,89,-33
20170321,80,3.06,2.9646327,3.1695688,308,0,139,-11
20170322,81,3.05,2.9577436,2.983932,300,0,67,-94
20170323,82,3.12,2.9429731,3.0607247,291,0,17,-61
20170324,83,3.12,2.9217932,3.1556842,294,20,56,-28
20170325,84,3.03,2.9125865,3.0458977,315,74,28,6
20170326,85,2.95,2.985703,2.8664489,357,71,33,0
20170327,86,2.74,3.0799558,2.6440825,385,53,44,6
20170328,87,,,,371,0,61,6
20170329,88,,,,352,0,139,-11
20170330,89,,,,352,74,78,6
20170331,90,,,,368,36,33,6
20170401,91,,,,348,0,139,-33
20170402,92,,,,329,0,172,-11
20170403,93,,,,321,15,128,11
20170404,94,,,,339,81,78,56
20170405,95,2.79,3.1418471,2.5433192,349,0,167,6
20170406,96,2.8,3.1905086,2.4573183,332,0,100,6
20170407,97,2.83,3.1662073,2.572249,315,0,128,-11
20170408,98,2.93,3.0951648,2.637519,299,0,144,-17
20170409,99,3,3.0154417,2.6858985,290,0,206,50
20170410,100,2.9,2.9427621,2.6309881,288,0,233,122
20170411,101,2.89,2.9254167,2.5429683,298,3,128,0
20170412,102,2.96,2.968424,2.6355603,296,0,67,-22
20170413,103,2.94,2.9776254,2.7554104,296,10,128,-28
20170414,104,2.94,2.9493694,2.7336028,299,0,117,11
20170415,105,2.76,2.9557643,2.6838348,326,145,156,56
20170416,106,2.48,3.086546,2.536759,392,89,228,128
20170417,107,,,,374,0,189,44
20170418,108,,,,330,0,156,22
20170419,109,,,,314,0,189,89
20170420,110,,,,437,295,133,39
20170421,111,,,,454,3,100,17
20170422,112,,,,417,0,172,-17
20170423,113,,,,352,0,167,17
20170424,114,,,,332,0,206,6
20170425,115,,,,322,0,217,67
20170426,116,,,,363,15,256,122
20170427,117,2.16,3.32889,2.2587316,495,328,183,22
20170428,118,2.12,3.414937,1.8869662,512,58,33,0
20170429,119,2.23,3.5759888,2.0757294,446,0,111,-6
20170430,120,2.38,3.6368585,2.1668725,400,0,89,-11
20170501,121,2.35,3.5726938,2.306644,444,127,56,22
20170502,122,2.17,3.5463898,2.2719693,509,99,122,28
20170503,123,2.22,3.6073494,2.127431,462,0,111,-22
20170504,124,2.34,3.6443548,2.149945,401,0,183,6
20170505,125,2.49,3.5955734,2.2392817,376,0,206,28
20170506,126,2.49,3.5395977,2.259429,375,0,206,44
20170507,127,2.51,3.5203815,2.2538562,358,0,178,11
20170508,128,2.61,3.4854736,2.3480139,339,0,161,-28
20170509,129,2.73,3.4346554,2.4719536,329,0,156,56
20170510,130,2.81,3.4003086,2.4976857,327,13,128,72
20170511,131,2.81,3.3996365,2.484523,334,18,200,78
20170512,132,2.73,3.4222252,2.411625,334,0,217,94
20170513,133,2.66,3.4345298,2.3903897,326,0,222,78
20170514,134,2.67,3.4074476,2.4279506,320,0,217,61
20170515,135,2.67,3.3686724,2.4666188,314,0,206,94
20170516,136,2.61,3.3392563,2.4806662,334,117,244,117
20170517,137,2.45,3.3217137,2.358059,362,43,283,133
20170518,138,2.31,3.4056656,2.2280138,400,97,256,139
20170519,139,2.2,3.4590187,2.159572,393,0,172,22
20170520,140,2.26,3.517145,2.2770815,370,0,111,50
20170521,141,2.37,3.5008512,2.4164858,378,94,117,78
20170522,142,2.35,3.4780266,2.3932297,379,0,156,78
20170523,143,2.36,3.5527802,2.3169835,372,28,217,94
20170524,144,2.41,3.5259547,2.2883763,365,33,128,83
20170525,145,2.49,3.5095496,2.3467607,359,15,117,83
20170526,146,2.51,3.5270875,2.393977,349,18,228,78
20170527,147,2.56,3.5103183,2.3578417,334,0,222,94
20170528,148,2.54,3.4725254,2.3879807,325,18,233,128
20170529,149,2.57,3.4238617,2.384364,318,0,239,94
20170530,150,2.65,3.3990233,2.4216282,308,3,194,89
20170531,151,2.71,3.3620222,2.4962187,297,0,161,94
20170601,152,2.76,3.338793,2.5619202,305,0,222,50
20170602,153,2.75,3.3382175,2.5278516,299,0,256,78
20170603,154,2.69,3.2945929,2.5111573,296,0,294,133
20170604,155,2.68,3.246978,2.4633863,294,8,289,150
20170605,156,2.66,3.2179961,2.44499,290,0,300,139
20170606,157,2.65,3.189592,2.464497,289,0,261,83
20170607,158,2.63,3.1595166,2.521154,284,0,261,83
20170608,159,2.62,3.1108751,2.5524395,280,0,278,106
20170609,160,2.66,3.070204,2.5445836,275,0,272,144
20170610,161,2.67,3.058302,2.536752,268,0,272,172
20170611,162,2.62,3.0663867,2.5406466,266,0,317,206
20170612,163,2.63,3.101131,2.517858,283,0,294,233
20170613,164,2.44,3.2281349,2.4568067,368,231,300,178
20170614,165,,,,439,76,244,161
20170615,166,1.67,3.6270077,2.0750878,581,147,311,161
20170616,167,,,,523,0,311,144
20170617,168,,,,391,15,289,161
20170618,169,,,,366,66,289,156
20170619,170,2.48,3.5594509,2.1128721,352,0,233,133
20170620,171,,,,342,5,233,100
20170621,172,,,,325,30,233,100
20170622,173,,,,384,284,256,111
20170623,174,,,,376,10,222,100
20170624,175,,,,356,0,256,133
20170625,176,,,,334,0,206,83
20170626,177,2.34,3.6194198,2.3148308,324,53,194,78
20170627,178,2.51,3.5514712,2.342993,319,0,194,78
20170628,179,2.42,3.5491889,2.388896,315,0,228,100
20170629,180,2.48,3.5129645,2.4027364,317,61,189,139
20170630,181,2.52,3.4776745,2.349648,312,0,228,133
20170701,182,2.51,3.5014677,2.3740323,304,114,256,139
20170702,183,2.53,3.4385374,2.3443608,283,3,244,133
20170703,184,2.57,3.4236467,2.4262035,267,8,267,106
20170704,185,2.58,3.336302,2.5215173,268,0,261,117
20170705,186,2.4,3.2690353,2.5453892,318,0,289,128
20170706,187,2.15,3.3794968,2.3698134,380,328,294,150
20170707,188,2.02,3.504513,1.9730208,402,74,311,172
20170708,189,2.04,3.5945776,1.9538131,333,64,294,100
20170709,190,2.27,3.5931182,2.1326709,303,0,256,133
20170710,191,2.39,3.5934055,2.3229418,292,0,278,172
20170711,192,2.39,3.5320394,2.363838,282,0,289,172
20170712,193,2.36,3.4363158,2.393445,280,58,300,206
20170713,194,2.38,3.3282008,2.3225517,281,8,294,178
20170714,195,2.39,3.2655072,2.3600159,324,0,244,139
20170715,196,1.62,3.2703161,2.320562,365,0,244,133
20170716,197,2.03,3.3002276,2.2236676,303,48,289,167
20170717,198,2.3,3.2337348,2.3285599,286,0,250,100
20170718,199,2.32,3.175382,2.4669292,276,0,261,150
20170719,200,2.37,3.089382,2.5053403,267,36,317,172
20170720,201,2.43,2.9951293,2.4647927,265,15,278,194
20170721,202,2.43,2.9522789,2.4623818,264,0,300,172
20170722,203,2.49,2.9175375,2.5001915,258,25,267,178
20170723,204,2.48,2.8722389,2.5107427,261,30,294,178
20170724,205,2.49,3.0501256,2.489462,252,0,289,150
20170725,206,2.53,2.7677486,2.546425,242,0,250,111
20170726,207,2.56,2.697964,2.6343381,253,0,250,150
20170727,208,2.57,2.670454,2.6171868,261,51,283,144
20170728,209,2.62,2.6446571,2.5614798,252,0,283,128
20170729,210,2.55,2.5784338,2.5857577,242,0,272,117
20170730,211,2.56,2.523903,2.6378803,235,0,267,133
20170731,212,2.57,2.4695194,2.6534133,237,0,317,167
20170801,213,2.62,2.4141178,2.6244678,238,0,317,167
20170802,214,2.63,2.382143,2.6134825,243,0,300,161
20170803,215,2.5,2.4112346,2.6118937,266,86,300,117
20170804,216,2.5,2.3858454,2.56592,281,287,178,117
20170805,217,2.58,2.5264568,2.3067644,281,8,211,111
20170806,218,2.55,2.5505998,2.4541097,281,71,250,106
20170807,219,2.5,2.5011165,2.4520247,279,84,250,128
20170808,220,2.54,2.4901712,2.4080484,267,0,256,128
20170809,221,2.57,2.4822176,2.4794781,255,0,283,128
20170810,222,2.6,2.4390829,2.545152,252,33,267,161
20170811,223,2.61,2.4220765,2.5261164,254,69,261,144
20170812,224,2.69,2.3989997,2.5096462,261,0,222,122
20170813,225,2.64,2.4169538,2.561111,263,3,256,100
20170814,226,2.51,2.393639,2.5987113,262,0,256,122
20170815,227,2.55,2.3901696,2.5961473,251,41,244,150
20170816,228,2.6,2.3908544,2.5802262,247,0,250,150
20170817,229,2.5,2.3325078,2.593993,273,234,261,167
20170818,230,2.49,2.4513774,2.4321256,273,13,261,167
20170819,231,2.57,2.4199994,2.41356,264,0,222,178
20170820,232,2.58,2.4635823,2.509713,257,0,272,128
20170821,233,2.61,2.4274282,2.56357,252,0,272,178
20170822,234,2.63,2.4021533,2.556577,246,0,272,178
20170823,235,2.65,2.3868408,2.5718946,239,0,233,111
20170824,236,2.69,2.3818953,2.6521902,234,0,233,100
20170825,237,2.75,2.351539,2.6907089,222,0,233,56
20170826,238,2.82,2.3136084,2.7479315,226,0,217,100
20170827,239,2.83,2.3027425,2.735893,248,119,178,122
20170828,240,2.81,2.5303483,2.6955986,274,28,206,144
20170829,241,2.85,2.3233907,2.5450978,275,155,228,122
20170830,242,2.68,2.3451254,2.5127635,283,0,244,128
20170831,243,2.33,2.363578,2.4800282,356,249,283,89
20170901,244,2.28,2.6422148,2.163652,326,0,200,67
20170902,245,2.51,2.6812696,2.3411367,294,0,200,72
20170903,246,2.58,2.5933754,2.5173097,310,165,172,100
20170904,247,2.65,2.632205,2.4100637,313,0,261,122
20170905,248,2.63,2.672015,2.3302674,285,8,228,89
20170906,249,2.66,2.7920141,2.4891136,275,13,172,67
20170907,250,2.75,2.707949,2.594451,276,20,189,78
20170908,251,2.79,2.8322265,2.5903687,267,0,189,61
20170909,252,2.84,2.8361409,2.6477623,263,0,183,50
20170910,253,2.89,2.8571799,2.7006297,255,0,206,56
20170911,254,2.92,2.8332012,2.7188995,249,0,211,56
20170912,255,2.92,2.833264,2.7397866,251,0,233,83
20170913,256,2.95,2.805553,2.711387,249,0,272,106
20170914,257,2.9,2.78517,2.6755915,246,0,261,94
20170915,258,2.87,2.7623222,2.6863282,237,0,272,94
20170916,259,2.86,2.4090562,2.696881,244,8,289,178
20170917,260,2.78,2.686219,2.6250927,243,36,289,167
20170918,261,2.77,2.6747139,2.5928056,256,0,200,83
20170919,262,2.73,2.6997795,2.6632662,268,5,217,117
20170920,263,2.62,2.775256,2.627933,256,0,250,139
20170921,264,2.3,2.7478306,2.6212044,370,257,289,172
20170922,265,1.77,2.9471173,2.1457167,429,0,278,172
20170923,266,2,3.1556764,2.0971107,338,0,317,167
20170924,267,2.32,3.038648,2.2753491,291,25,311,167
20170925,268,2.49,2.9535718,2.3885152,274,0,311,161
20170926,269,2.56,2.9283237,2.4627342,266,0,311,161
20170927,270,2.58,2.904171,2.504405,268,5,233,117
20170928,271,2.69,2.8341444,2.5637946,261,0,167,67
20170929,272,2.79,2.8288248,2.6835396,252,0,211,83
20170930,273,2.9,2.7228417,2.6974826,250,0,211,28
20171001,274,2.96,2.7707243,2.7612963,248,0,183,33
20171002,275,2.99,2.7806633,2.7924209,252,8,206,100
